id,titulo,inicio,fin,todo_el_dia,calendario,color_id,color_nombre,etiqueta,color_hex,usa_color_predeterminado,color,telefono,nombre,pendiente,cotizacion,p,requerimiento,notas,descripcion,ubicacion
53bg6ruoacgmvol5dl6prgnme8,FRENTE MASTER RENAULT ORDEN 0305 DIA 20,2026-01-17T11:15:00-04:00,2026-01-17T12:15:00-04:00,No,EVENNOT  PUESTO 4  5PM-9PM,20,Otro,NONE,#cabdbf,Si,,,,,,,,,,
2i4damltk0v00v95c8583ppkuf,FRENTE MASTER RENAULT ORDEN 0307 DIA 23,2026-01-17T12:45:00-04:00,2026-01-17T13:45:00-04:00,No,EVENNOT  PUESTO 4  5PM-9PM,20,Otro,NONE,#cabdbf,Si,,,,,,,,,,
3k2arp995h3q540tliftrl0vee,FRENTE MASTER RENAULT ORDEN 0308 DIA 24,2026-01-17T14:00:00-04:00,2026-01-17T15:00:00-04:00,No,EVENNOT  PUESTO 4  5PM-9PM,20,Otro,NONE,#cabdbf,Si,,,,,,,,,,
5davrr31sh4qpq71h7ngeiduhk,FRENTE HIJET 2011 ORDEN 0325 DIA 24,2026-01-19T15:30:00-04:00,2026-01-19T16:30:00-04:00,No,EVENNOT  PUESTO 4  5PM-9PM,20,Otro,NONE,#cabdbf,Si,,,,,,,,,,
4kejedllps0gd7atjp0ioiafcs,FRENTE HIJET 2019 ORDEN 0326 DIA 24,2026-01-19T16:30:00-04:00,2026-01-19T17:30:00-04:00,No,EVENNOT  PUESTO 4  5PM-9PM,20,Otro,NONE,#cabdbf,Si,,,,,,,,,,
5m6ith0f6ak5scbssdks1obp7q,FRENTE ALTO HASTA LAS LUCES HIACE TECHO BAJITO 2019 ORDEN 0332 DIA 19,2026-01-19T17:30:00-04:00,2026-01-19T18:30:00-04:00,No,EVENNOT  PUESTO 4  5PM-9PM,20,Otro,NONE,#cabdbf,Si,,,,,,,,,,
2krlb8b47ng92u075uqfbuakep,FRENTE HIJET 2012 COMPLETA ORDEN 0298 DIA 23,2026-01-20T19:00:00-04:00,2026-01-20T20:00:00-04:00,No,EVENNOT  PUESTO 4  5PM-9PM,20,Otro,NONE,#cabdbf,Si,,,,,,,,,,
7cp5j7jpnjc8uuth5kv0c5nknr,REP. GRADO C FRENTE NV200 2019 ORDEN 0037 DIA 24,2026-01-20T20:00:00-04:00,2026-01-20T21:00:00-04:00,No,EVENNOT  PUESTO 4  5PM-9PM,20,Otro,NONE,#cabdbf,Si,,,,,,,,,,
3nqjq6aq4pccsrrhc7oc2tk9qa,FRENTE NV200 AMERICANA 2020 ORDEN 0327 DIA 24,2026-01-20T21:00:00-04:00,2026-01-20T22:00:00-04:00,No,EVENNOT  PUESTO 4  5PM-9PM,20,Otro,NONE,#cabdbf,Si,,,,,,,,,,
0ch7tbbp7t9ajpositsgbqr930,FRENTE HIJET 2016 ORDEN 0328 DIA 24,2026-01-20T22:00:00-04:00,2026-01-20T23:00:00-04:00,No,EVENNOT  PUESTO 4  5PM-9PM,20,Otro,NONE,#cabdbf,Si,,,,,,,,,,
199hme2ifijbiflhgpvn5asio1,FRENTE MASTER RENAULT ORDEN 0306 DIA 22,2026-01-20T23:00:00-04:00,2026-01-21T00:00:00-04:00,No,EVENNOT  PUESTO 4  5PM-9PM,20,Otro,NONE,#cabdbf,Si,,,,,,,,,,
7uqh5keso47en1k691nlm6e4rb,FRENTE+PORTA PIES CAMION FORLAD CARA ANCHA  2026 ORDEN 0310 DIA 31,2026-01-22T13:45:00-04:00,2026-01-22T14:45:00-04:00,No,EVENNOT  PUESTO 4  5PM-9PM,20,Otro,NONE,#cabdbf,Si,,,,,,,,,,
7pmquq81maq1f8nk9islo652q6,FRENTE HIJET 2019 ORDEN 0333 DIA 27,2026-01-22T15:00:00-04:00,2026-01-22T16:00:00-04:00,No,EVENNOT  PUESTO 4  5PM-9PM,20,Otro,NONE,#cabdbf,Si,,,,,,,,,,
58e0hpqut2n2ia93ismdm91u5e,FRENTE NV200 JAPONESA 2019 ORDEN 0331 DIA 27,2026-01-24T11:00:00-04:00,2026-01-24T12:00:00-04:00,No,EVENNOT  PUESTO 4  5PM-9PM,20,Otro,NONE,#cabdbf,Si,,,,,,,,,,
2c0n14mgs5ajvpl6esbca4s32r,FRENTE TOWN ACE 2019 ORDEN 0335 DIA 28,2026-01-24T12:15:00-04:00,2026-01-24T13:15:00-04:00,No,EVENNOT  PUESTO 4  5PM-9PM,20,Otro,NONE,#cabdbf,Si,,,,,,,,,,
47vlnt0neu2qmavme4o8s1bno0,FRENTE HIJET 2022 ORDEN 0337 DIA 28,2026-01-24T13:30:00-04:00,2026-01-24T14:30:00-04:00,No,EVENNOT  PUESTO 4  5PM-9PM,20,Otro,NONE,#cabdbf,Si,,,,,,,,,,
6e3fl344mlnjos57nb973tjfbt,FRENTE+PORTA PIES CAMION FORLAD CARA ANCHA  2026 ORDEN 0311 DIA 31,2026-01-28T02:30:00-04:00,2026-01-28T03:30:00-04:00,No,EVENNOT  PUESTO 4  5PM-9PM,20,Otro,NONE,#cabdbf,Si,,,,,,,,,,
65nsjujdo0k599bvs67cav045l,FRENTE+PORTA PIES CAMION FORLAD CARA ANCHA  2026 ORDEN 0312 DIA 31,2026-01-28T04:00:00-04:00,2026-01-28T05:00:00-04:00,No,EVENNOT  PUESTO 4  5PM-9PM,20,Otro,NONE,#cabdbf,Si,,,,,,,,,,
0e1qdqcitkqpg2f3f02i498ebk,FRENTE HIJET 2019 ORDEN 0341 DIA 31,2026-01-28T05:30:00-04:00,2026-01-28T06:30:00-04:00,No,EVENNOT  PUESTO 4  5PM-9PM,20,Otro,NONE,#cabdbf,Si,,,,,,,,,,
4p9s05hfb1pfl53c3in88tque3,FRENTE+PORTA PIES HYUNDAI PORTER 1 CAB. 2025 ORDEN 0346 DIA 2,2026-01-29T15:15:00-04:00,2026-01-29T16:15:00-04:00,No,EVENNOT  PUESTO 4  5PM-9PM,20,Otro,NONE,#cabdbf,Si,,,,,,,,,,
3mvsis8gb6j3dke9ni77uifon0,FRENTE TOWN ACE 2020 ORDEN 0348 DIA 3,2026-01-29T16:30:00-04:00,2026-01-29T17:30:00-04:00,No,EVENNOT  PUESTO 4  5PM-9PM,20,Otro,NONE,#cabdbf,Si,,,,,,,,,,
4om8qigenu18aabi1surtjn3jl,FRENTE+PORTA PIES CAMION FORLAD CARA ANCHA  2026 ORDEN 0309 DIA 31,2026-01-30T02:15:00-04:00,2026-01-30T03:15:00-04:00,No,EVENNOT  PUESTO 4  5PM-9PM,20,Otro,NONE,#cabdbf,Si,,,,,,,,,,
43j0u25ct8ube9d3kmb2rtq8qk,FRENTE+PORTA PIES KIA DOBLE CAB. ORDEN 0356 DIA 3,2026-01-30T07:00:00-04:00,2026-01-30T08:00:00-04:00,No,EVENNOT  PUESTO 4  5PM-9PM,20,Otro,NONE,#cabdbf,Si,,,,,,,,,,
22k6bi9iseth460b37t46v20lp,FRENTE+PORTA PIES HYUNDAI PORTER 1 CAB. ORDEN 0347 DIA 3,2026-01-30T08:15:00-04:00,2026-01-30T09:15:00-04:00,No,EVENNOT  PUESTO 4  5PM-9PM,20,Otro,NONE,#cabdbf,Si,,,,,,,,,,
5nv0j6tburui420k4ckf2udua1,FRENTE TOWN ACE 2013 ORDEN 0362 DIA 7,2026-01-31T09:00:00-04:00,2026-01-31T10:00:00-04:00,No,EVENNOT  PUESTO 4  5PM-9PM,20,Otro,NONE,#cabdbf,Si,,,,,,,,,,
4b7fovvlcgn6j9cemd946nvsei,FRENTE ISUZU CAMA LARGA 2010 ORDEN 0357 DIA 6,2026-01-31T10:15:00-04:00,2026-01-31T11:15:00-04:00,No,EVENNOT  PUESTO 4  5PM-9PM,20,Otro,NONE,#cabdbf,Si,,,,,,,,,,
419s06r45p2tjgj085qgas33di,FRENTE HIJET ORDEN 0361 DIA 7,2026-01-31T11:30:00-04:00,2026-01-31T12:30:00-04:00,No,EVENNOT  PUESTO 4  5PM-9PM,20,Otro,NONE,#cabdbf,Si,,,,,,,,,,
3i6olgt84evnvcb3iapfj94q2p,FRENTE PLATANERA HIJET 2019 ORDEN 0358 DIA 5,2026-02-02T15:00:00-04:00,2026-02-02T16:00:00-04:00,No,EVENNOT  PUESTO 4  5PM-9PM,20,Otro,NONE,#cabdbf,Si,,,,,,,,,,
77d1ndq6ig7mm3l8gccdq07hs5,FRENTE LITE ACE 2020 ORDEN 0359 DIA 5,2026-02-02T16:15:00-04:00,2026-02-02T17:15:00-04:00,No,EVENNOT  PUESTO 4  5PM-9PM,20,Otro,NONE,#cabdbf,Si,,,,,,,,,,
0adcp75n8b58o6it28hun765fc,FRENTE TOWN ACE 2019 ORDEN 0373 DIA 13,2026-02-02T17:30:00-04:00,2026-02-02T18:30:00-04:00,No,EVENNOT  PUESTO 4  5PM-9PM,20,Otro,NONE,#cabdbf,Si,,,,,,,,,,
7cjss1vt82t5lfdt0qo1qljjo3,PROTECTOR DE BATERIA KIA DOBLE CABINA ORDEN 0344 DIA 29,2026-02-03T14:00:00-04:00,2026-02-03T15:00:00-04:00,No,EVENNOT  PUESTO 4  5PM-9PM,20,Otro,NONE,#cabdbf,Si,,,,,,,,,,
12nbjki69dd9dqqkft8od0s0iu,FRENTE HIJET 2020 ORDEN 0365 DIA 9,2026-02-03T15:30:00-04:00,2026-02-03T16:30:00-04:00,No,EVENNOT  PUESTO 4  5PM-9PM,20,Otro,NONE,#cabdbf,Si,,,,,,,,,,
19e8iud30g2fnfrip674jmbmgk,FRENTE+PORTA PIES KIA 1 CAB. 2025 ORDEN 0370 DIA 10,2026-02-03T17:00:00-04:00,2026-02-03T18:00:00-04:00,No,EVENNOT  PUESTO 4  5PM-9PM,20,Otro,NONE,#cabdbf,Si,,,,,,,,,,
1rau3ilck12rtr9fe0tlsov8lt,CAJA DE HERRAMIENTAS KIA DOBLE CABINA ORDEN 0344 DIA 29,2026-02-04T16:30:00-04:00,2026-02-04T17:30:00-04:00,No,EVENNOT  PUESTO 4  5PM-9PM,20,Otro,NONE,#cabdbf,Si,,,,,,,,,,
0bhq9bvpmddn21rb8sts46n71p,FRENTE+PORTA PIES ISUZU VOLTEO CARA ANCHA 2026 ORDEN 0363 DIA 9,2026-02-05T14:15:00-04:00,2026-02-05T15:15:00-04:00,No,EVENNOT  PUESTO 4  5PM-9PM,20,Otro,NONE,#cabdbf,Si,,,,,,,,,,
0u99gd91m3di1vodh84tq0kait,CACHUCHA CERRADA TUBO 1 1/4 KIA DOBLE CABINA ORDEN 0344 DIA 29,2026-02-05T15:30:00-04:00,2026-02-05T16:30:00-04:00,No,EVENNOT  PUESTO 4  5PM-9PM,20,Otro,NONE,#cabdbf,Si,,,,,,,,,,
234ampi6gh5v64thq9asf8a1bi,COVER EN TOLA CORRUGADA KIA DOBLE CAB. ORDEN 0383 DIA 6,2026-02-05T17:00:00-04:00,2026-02-05T18:00:00-04:00,No,EVENNOT  PUESTO 4  5PM-9PM,20,Otro,NONE,#cabdbf,Si,,,,,,,,,,
3bb3m5b0de6mdsmru2tcl9os4i,FRENTE TOWN ACE 2018 ORDEN 0377 DIA 11,2026-02-06T16:30:00-04:00,2026-02-06T17:30:00-04:00,No,EVENNOT  PUESTO 4  5PM-9PM,20,Otro,NONE,#cabdbf,Si,,,,,,,,,,
4kd2sp24qqvn5n0hb5ptcnu931,FRENTE HIJET 2019 ORDEN 0378 DIA 11,2026-02-06T17:45:00-04:00,2026-02-06T18:45:00-04:00,No,EVENNOT  PUESTO 4  5PM-9PM,20,Otro,NONE,#cabdbf,Si,,,,,,,,,,
3l722eke6vo3702otnsqtj3eek,PROTECTORES DE TANQUE ISUZU VOLTEO CARA ANCHA 2026 ORDEN 0363 DIA 9,2026-02-06T20:30:00-04:00,2026-02-06T21:30:00-04:00,No,EVENNOT  PUESTO 4  5PM-9PM,20,Otro,NONE,#cabdbf,Si,,,,,,,,,,
77osa85m4ugtlmuscd3gl2k485,FRENTE HYUNDAI H1 2018 ORDEN 0366 DIA 11,2026-02-09T13:45:00-04:00,2026-02-09T14:45:00-04:00,No,EVENNOT  PUESTO 4  5PM-9PM,20,Otro,NONE,#cabdbf,Si,,,,,,,,,,
3lvr1rah7rnmb0c1e8knq6bo3c,FRENTE HIJET 2019 ORDEN 0375 DIA 13,2026-02-09T15:00:00-04:00,2026-02-09T16:00:00-04:00,No,EVENNOT  PUESTO 4  5PM-9PM,20,Otro,NONE,#cabdbf,Si,,,,,,,,,,
3ia14goegrl64su5581vv1hg8i,MINI CACHUCHA ISUZU VOLTEO CARA ANCHA 2026 ORDEN 0363 DIA 9,2026-02-09T16:30:00-04:00,2026-02-09T17:30:00-04:00,No,EVENNOT  PUESTO 4  5PM-9PM,20,Otro,NONE,#cabdbf,Si,,,,,,,,,,
2015f21117i87t91rokjhogi34,FRENTE PIXIS 2020 ORDEN 0389 DIA 16,2026-02-09T18:00:00-04:00,2026-02-09T19:00:00-04:00,No,EVENNOT  PUESTO 4  5PM-9PM,20,Otro,NONE,#cabdbf,Si,,,,,,,,,,
1m9h5l167odpdjsjncbi30ibi9,FRENTE+PORTA PIES KIA 1 CAB. 2026 ORDEN 0384 DIA 14,2026-02-10T16:00:00-04:00,2026-02-10T17:00:00-04:00,No,EVENNOT  PUESTO 4  5PM-9PM,20,Otro,NONE,#cabdbf,Si,,,,,,,,,,
7bc3lrv1ntudf57rj9pl3sb9ef,FRENTE CON MOÑA Y 4 ARANDELAS EN EL CENTRO TOWN ACE 2024 ORDEN 0390 DIA 17,2026-02-10T17:30:00-04:00,2026-02-10T18:30:00-04:00,No,EVENNOT  PUESTO 4  5PM-9PM,20,Otro,NONE,#cabdbf,Si,,,,,,,,,,
6hcs1ruk137bum3pa0oe51bg84,FRENTE TOWN ACE 2020 ORDEN 0387 DIA 16,2026-02-10T19:00:00-04:00,2026-02-10T20:00:00-04:00,No,EVENNOT  PUESTO 4  5PM-9PM,20,Otro,NONE,#cabdbf,Si,,,,,,,,,,
77n6kj00bkh5lq8utd71taeanh,CACHUCHA  AGREGARLE 4 TUBOS PARA ESCALERA KIA DOBLE CAB. 2025 ORDEN 0372 DIA 19,2026-02-11T16:30:00-04:00,2026-02-11T17:30:00-04:00,No,EVENNOT  PUESTO 4  5PM-9PM,20,Otro,NONE,#cabdbf,Si,,,,,,,,,,
3v8afeab0hbb1s80t6gv1at885,FRENTE+PORTA PIES KIA 1 CAB. 2026 ORDEN  0391 DIA 17,2026-02-12T14:45:00-04:00,2026-02-12T15:45:00-04:00,No,EVENNOT  PUESTO 4  5PM-9PM,20,Otro,NONE,#cabdbf,Si,,,,,,,,,,
40env9i7pj9jurhubbh3eaq6sg,FRENTE  NV200 JAPONESA 2016 ORDEN 0394 DIA 18,2026-02-12T17:15:00-04:00,2026-02-12T18:15:00-04:00,No,EVENNOT  PUESTO 4  5PM-9PM,20,Otro,NONE,#cabdbf,Si,,,,,,,,,,
0u6jbpg8i94s7lcpnt0r2n850t,FRENTE+PORTA PIES KIA DOBLE CAB. 2026 ORDEN 0399 DIA 18,2026-02-16T13:30:00-04:00,2026-02-16T14:30:00-04:00,No,EVENNOT  PUESTO 4  5PM-9PM,20,Otro,NONE,#cabdbf,Si,,,,,,,,,,
26nn3e42k0m42otb9e2icfc3pi,FRENTE TOWN ACE 2020 ORDEN 0397 DIA 20,2026-02-16T14:45:00-04:00,2026-02-16T15:45:00-04:00,No,EVENNOT  PUESTO 4  5PM-9PM,20,Otro,NONE,#cabdbf,Si,,,,,,,,,,
2ingodjilmbg2dsesvdtco6pk4,FRENTE TOWN ACE ORDEN 0417 DIA 21,2026-02-16T16:00:00-04:00,2026-02-16T17:00:00-04:00,No,EVENNOT  PUESTO 4  5PM-9PM,20,Otro,NONE,#cabdbf,Si,,,,,,,,,,
454105pm9d6oufvmauh1ha9515,FRENTE HIJET 2021 ORDEN 0409 DIA 24,2026-02-17T19:00:00-04:00,2026-02-17T20:00:00-04:00,No,EVENNOT  PUESTO 4  5PM-9PM,20,Otro,NONE,#cabdbf,Si,,,,,,,,,,
2vsiifqof1jul0mrut8ejuf294,FRENTE HIJET 2019 ORDEN 0412 DIA 24,2026-02-17T20:15:00-04:00,2026-02-17T21:15:00-04:00,No,EVENNOT  PUESTO 4  5PM-9PM,20,Otro,NONE,#cabdbf,Si,,,,,,,,,,
59cdacm1t262hmgabjnm44h872,FRENTE NV200 JAPONESA 2019 ORDEN 0414 DIA 24,2026-02-17T21:30:00-04:00,2026-02-17T22:30:00-04:00,No,EVENNOT  PUESTO 4  5PM-9PM,20,Otro,NONE,#cabdbf,Si,,,,,,,,,,
77aqf0k035qd2ong95idhv6k4b,FRENTE+PORTA PIES KIA 1 CAB. ORDEN 0410 DIA 21,2026-02-20T10:30:00-04:00,2026-02-20T11:30:00-04:00,No,EVENNOT  PUESTO 4  5PM-9PM,20,Otro,NONE,#cabdbf,Si,,,,,,,,,,
3tf0dh85v7228ujaqooj42jsb6,FRENTE NV350 TECHO BAJITO 2020 ORDEN 0413 DIA 24,2026-02-20T11:45:00-04:00,2026-02-20T12:45:00-04:00,No,EVENNOT  PUESTO 4  5PM-9PM,20,Otro,NONE,#cabdbf,Si,,,,,,,,,,
4gfkh0g0o2hfnj8e5buja0l4sa,FRENTE HIJET 2019 ORDEN 0419 DIA 26,2026-02-20T13:00:00-04:00,2026-02-20T14:00:00-04:00,No,EVENNOT  PUESTO 4  5PM-9PM,20,Otro,NONE,#cabdbf,Si,,,,,,,,,,
2nqiq9ohujn8j0g0kg6k4r32st,FRENTE+PORTA PIES HYUNDAI H100 2026 ORDEN 0418 DIA 26,2026-02-20T14:15:00-04:00,2026-02-20T15:15:00-04:00,No,EVENNOT  PUESTO 4  5PM-9PM,20,Otro,NONE,#cabdbf,Si,,,,,,,,,,
5ndv94qca38k4t5aluqdfad7fi,FRENTE TOWN ACE 2019 ORDEN 0420 DIA 26,2026-02-20T15:30:00-04:00,2026-02-20T16:30:00-04:00,No,EVENNOT  PUESTO 4  5PM-9PM,20,Otro,NONE,#cabdbf,Si,,,,,,,,,,
0nfggh0bnrsp7gpm1vc54cdrt3,CARRETON CERRADO PARA ROLLO DE CABLE ORDEN 0376 DIA 12/03,2026-02-22T10:00:00-04:00,2026-02-22T11:00:00-04:00,No,EVENNOT  PUESTO 4  5PM-9PM,20,Otro,NONE,#cabdbf,Si,,,,,,,,,,
27hod64ej5qcovo64dgvaqktmh,PROTECCION DE LA CAMA EN TOLA CORRUGADA KIA DOBLE CABINA ORDEN 0401 DIA 19,2026-02-22T11:00:00-04:00,2026-02-22T12:00:00-04:00,No,EVENNOT  PUESTO 4  5PM-9PM,20,Otro,NONE,#cabdbf,Si,,,,,,,,,,
43rfs2qdllst5uh6ib7qk8euqj,FRENTE NV350 TECHO BAJITO 2026 ORDEN 0415 DIA 28,2026-02-23T13:30:00-04:00,2026-02-23T14:30:00-04:00,No,EVENNOT  PUESTO 4  5PM-9PM,20,Otro,NONE,#cabdbf,Si,,,,,,,,,,
5vk02qoobi53up6sr26ik3g1af,FRENTE NV350 TECHO BAJITO 2020 ORDEN 0421 DIA 28,2026-02-23T14:45:00-04:00,2026-02-23T15:45:00-04:00,No,EVENNOT  PUESTO 4  5PM-9PM,20,Otro,NONE,#cabdbf,Si,,,,,,,,,,
5gdrcljfpg2tigfi3c3s7io8j0,FRENTE N400 2004 ORDEN 0422 DIA 28,2026-02-23T16:00:00-04:00,2026-02-23T17:00:00-04:00,No,EVENNOT  PUESTO 4  5PM-9PM,20,Otro,NONE,#cabdbf,Si,,,,,,,,,,
1jan4st6j49cbh59lma6545kt4,FRENTE HIJET 2013 ORDEN 0424 DIA 2,2026-02-23T17:15:00-04:00,2026-02-23T18:15:00-04:00,No,EVENNOT  PUESTO 4  5PM-9PM,20,Otro,NONE,#cabdbf,Si,,,,,,,,,,
0b3oi0nvbvp3ehstbf6eomr53k,FRENTE HIJET 2020 ORDEN 0426 DIA 2,2026-02-23T18:30:00-04:00,2026-02-23T19:30:00-04:00,No,EVENNOT  PUESTO 4  5PM-9PM,20,Otro,NONE,#cabdbf,Si,,,,,,,,,,
0udr5tve9fmllrd5phsovfnpen,FRENTE HIJET 2018 ORDEN 0427 DIA 2,2026-02-23T19:45:00-04:00,2026-02-23T20:45:00-04:00,No,EVENNOT  PUESTO 4  5PM-9PM,20,Otro,NONE,#cabdbf,Si,,,,,,,,,,
0o4sjfk5ouppg7pnhkio7pvfgb,FRENTE PLATANERA 2018 ORDEN 0429 DIA 3,2026-02-24T14:00:00-04:00,2026-02-24T15:00:00-04:00,No,EVENNOT  PUESTO 4  5PM-9PM,20,Otro,NONE,#cabdbf,Si,,,,,,,,,,
6s1b2r996k9jjjule5m8pmbej6,FRENTE PIXIS 2021 ORDEN 0434 DIA 3,2026-02-24T16:30:00-04:00,2026-02-24T17:30:00-04:00,No,EVENNOT  PUESTO 4  5PM-9PM,20,Otro,NONE,#cabdbf,Si,,,,,,,,,,
4m0f1lhpqbgrtinsnk2ff4qm5f,FRENTE HIJET 2021 ORDEN 0425 DIA 2,2026-02-24T17:45:00-04:00,2026-02-24T18:45:00-04:00,No,EVENNOT  PUESTO 4  5PM-9PM,20,Otro,NONE,#cabdbf,Si,,,,,,,,,,
17l641siam828sdij5ou3h9sqa,FRENTE HIJET ORDEN 2000,2026-02-24T19:00:00-04:00,2026-02-24T20:00:00-04:00,No,EVENNOT  PUESTO 4  5PM-9PM,20,Otro,NONE,#cabdbf,Si,,,,,,,,,,
063rqddrhg1u74q5h2t2jjpqlb,FRENTE TOWN ACE 2019 ORDEN 0435 DIA 4,2026-02-24T20:15:00-04:00,2026-02-24T21:15:00-04:00,No,EVENNOT  PUESTO 4  5PM-9PM,20,Otro,NONE,#cabdbf,Si,,,,,,,,,,
3j2kkt6pojhr2a3arpoe00ri3e,FRENTE+PORTA PIES ISUZU VOLTEO 2025 ORDEN 0431 DIA 3,2026-02-25T16:30:00-04:00,2026-02-25T17:30:00-04:00,No,EVENNOT  PUESTO 4  5PM-9PM,20,Otro,NONE,#cabdbf,Si,,,,,,,,,,
3raj0apjrekgjd5204vtnsebn5,FRENTE PIXIS 2020 ORDEN 0436 DIA 4,2026-02-25T17:45:00-04:00,2026-02-25T18:45:00-04:00,No,EVENNOT  PUESTO 4  5PM-9PM,20,Otro,NONE,#cabdbf,Si,,,,,,,,,,
3rticsr0i3r36rks41oah1p9vu,FRENTE HIJET 2018 ORDEN 0437 DIA 4,2026-02-25T19:00:00-04:00,2026-02-25T20:00:00-04:00,No,EVENNOT  PUESTO 4  5PM-9PM,20,Otro,NONE,#cabdbf,Si,,,,,,,,,,
1l9kvik5llfal0o69ip0fb96la,FRENTE+PORTA PIES KIA 1 CAB. 2026 ORDEN 0439 DIA 7,2026-02-25T20:15:00-04:00,2026-02-25T21:15:00-04:00,No,EVENNOT  PUESTO 4  5PM-9PM,20,Otro,NONE,#cabdbf,Si,,,,,,,,,,
0dfqo33bi799kt75b4cfodksp3,FRENTE HIJET ORDEN 2001,2026-02-25T21:30:00-04:00,2026-02-25T22:30:00-04:00,No,EVENNOT  PUESTO 4  5PM-9PM,20,Otro,NONE,#cabdbf,Si,,,,,,,,,,
5ufdhiv3auksm1uja3kirbk5c4,FRENTE HIJET ORDEN 2002,2026-02-25T22:45:00-04:00,2026-02-25T23:45:00-04:00,No,EVENNOT  PUESTO 4  5PM-9PM,20,Otro,NONE,#cabdbf,Si,,,,,,,,,,
1qsbu7u6ai26dcag13at4kudtk,FRENTE+PORTA ´PIES ISUZU ORDEN 0432 DIA 4,2026-02-26T17:00:00-04:00,2026-02-26T18:00:00-04:00,No,EVENNOT  PUESTO 4  5PM-9PM,20,Otro,NONE,#cabdbf,Si,,,,,,,,,,
68cnv633rgpvi76rcr42lcb4f1,FRENTE HIJET 2018 ORDEN 0428 DIA 5,2026-02-26T18:00:00-04:00,2026-02-26T19:00:00-04:00,No,EVENNOT  PUESTO 4  5PM-9PM,20,Otro,NONE,#cabdbf,Si,,,,,,,,,,
4m6d3fo41ncnmf1cq0ac88aasb,FRENTE NV350 TECHO BAJITO 2020 ORDEN 0433 DIA 5,2026-02-26T19:00:00-04:00,2026-02-26T20:00:00-04:00,No,EVENNOT  PUESTO 4  5PM-9PM,20,Otro,NONE,#cabdbf,Si,,,,,,,,,,
2rhdud2rd84g1mdcjh3mb8sq50,FRENTE HIJET ORDEN 2003 ,2026-02-26T20:00:00-04:00,2026-02-26T21:00:00-04:00,No,EVENNOT  PUESTO 4  5PM-9PM,20,Otro,NONE,#cabdbf,Si,,,,,,,,,,
1nsv8e0qmq4ho4f9aduv1iunrd,FRENTE NV350 TECHO ALTO ORDEN 0444 DIA 7,2026-02-26T21:00:00-04:00,2026-02-26T22:00:00-04:00,No,EVENNOT  PUESTO 4  5PM-9PM,20,Otro,NONE,#cabdbf,Si,,,,,,,,,,
14vj2uos8rpolqc2k1kkku1tbj,FRENTE+PORTA PIES KIA 1 CAB. 2026 ORDEN 0441 DIA 7,2026-03-02T13:30:00-04:00,2026-03-02T14:30:00-04:00,No,EVENNOT  PUESTO 4  5PM-9PM,20,Otro,NONE,#cabdbf,Si,,,,,,,,,,
15but7sjh80ku41lr5t0ni9ije,FRENTE+PORTA PIES KIA 1 CAB. 2022 ORDEN 0446 DIA 7,2026-03-02T14:30:00-04:00,2026-03-02T15:30:00-04:00,No,EVENNOT  PUESTO 4  5PM-9PM,20,Otro,NONE,#cabdbf,Si,,,,,,,,,,
1353qpl1qu54auu8lpium9r9js,FRENTE+PORTA PIES KIA 1 CAB. 2026 ORDEN 0447 DIA 7,2026-03-02T15:30:00-04:00,2026-03-02T16:30:00-04:00,No,EVENNOT  PUESTO 4  5PM-9PM,20,Otro,NONE,#cabdbf,Si,,,,,,,,,,
0hd8dbk7dujs7u572oslgpd85g,FRENTE HIJET 2022 ORDEN 0448 DIA 7,2026-03-03T19:00:00-04:00,2026-03-03T20:00:00-04:00,No,EVENNOT  PUESTO 4  5PM-9PM,20,Otro,NONE,#cabdbf,Si,,,,,,,,,,
0po96hjb6fsbk9hlmuon6g3ms8,FRENTE PIXIS 2020 ORDEN 0449 DIA 9,2026-03-03T20:00:00-04:00,2026-03-03T21:00:00-04:00,No,EVENNOT  PUESTO 4  5PM-9PM,20,Otro,NONE,#cabdbf,Si,,,,,,,,,,
4edv07prvoc4osfkj9v9rrg3l5,FRENTE+PORTA PIES ISUZU CARA ANCHA 2015 ORDEN 0450 DIA 9,2026-03-03T21:00:00-04:00,2026-03-03T22:00:00-04:00,No,EVENNOT  PUESTO 4  5PM-9PM,20,Otro,NONE,#cabdbf,Si,,,,,,,,,,
7218bb1vkpeub4fjjubgn56sjg,FRENTE HIJET 2018 ORDEN 0457 DIA 11,2026-03-04T18:00:00-04:00,2026-03-04T19:00:00-04:00,No,EVENNOT  PUESTO 4  5PM-9PM,20,Otro,NONE,#cabdbf,Si,,,,,,,,,,
1kqcca97du9gm511pi0vimgero,FRENTE HIJET 2019 ORDEN 0458 DIA 11,2026-03-04T19:00:00-04:00,2026-03-04T20:00:00-04:00,No,EVENNOT  PUESTO 4  5PM-9PM,20,Otro,NONE,#cabdbf,Si,,,,,,,,,,
40d2nmsqnktj0iigi6kofhhh5f,FRENTE HIJET 2014 ORDEN 0464 DIA 14,2026-03-04T21:00:00-04:00,2026-03-04T22:00:00-04:00,No,EVENNOT  PUESTO 4  5PM-9PM,20,Otro,NONE,#cabdbf,Si,,,,,,,,,,
18oo1ar8o08v4ounnnbqtn7k3m,FRENTE HIJET ORDEN 2005 ,2026-03-04T23:00:00-04:00,2026-03-05T00:00:00-04:00,No,EVENNOT  PUESTO 4  5PM-9PM,20,Otro,NONE,#cabdbf,Si,,,,,,,,,,
34qaulrm6ad3hp16ta2i49b0ls,FRENTE TOWN ACE ORDEN 0455 DIA 12,2026-03-05T17:00:00-04:00,2026-03-05T18:00:00-04:00,No,EVENNOT  PUESTO 4  5PM-9PM,20,Otro,NONE,#cabdbf,Si,,,,,,,,,,
0srun0nc0khkql48n9s5as5fpe,FRENTE HIJET ORDEN 2006,2026-03-05T19:00:00-04:00,2026-03-05T20:00:00-04:00,No,EVENNOT  PUESTO 4  5PM-9PM,20,Otro,NONE,#cabdbf,Si,,,,,,,,,,
388vteug64jjppp4phkmgh3qs6,FRENTE+PORTA PIES KIA DOBLE CAB. 2026 ORDEN 0470 DIA 14,2026-03-05T20:00:00-04:00,2026-03-05T21:00:00-04:00,No,EVENNOT  PUESTO 4  5PM-9PM,20,Otro,NONE,#cabdbf,Si,,,,,,,,,,
5h4t8jls0cri6canmeo72b70pr,FRENTE HIJET 2020 ORDEN 0466 DIA 16,2026-03-05T21:00:00-04:00,2026-03-05T22:00:00-04:00,No,EVENNOT  PUESTO 4  5PM-9PM,20,Otro,NONE,#cabdbf,Si,,,,,,,,,,
2omu3ouhk6566j1l2k27im6e7h,FRENTE HIJET ORDEN 2004 ,2026-03-06T09:00:00-04:00,2026-03-06T10:00:00-04:00,No,EVENNOT  PUESTO 4  5PM-9PM,20,Otro,NONE,#cabdbf,Si,,,,,,,,,,
0uap3iajggr5cilvj32h5tfdtn,FRENTE HIJET ORDEN 2007,2026-03-06T10:00:00-04:00,2026-03-06T11:00:00-04:00,No,EVENNOT  PUESTO 4  5PM-9PM,20,Otro,NONE,#cabdbf,Si,,,,,,,,,,
1rfkf69802rnigp5lb16pg7c3d,FRENTE CHANGAN STARS 2026 ORDEN 0467 DIA 14,2026-03-06T11:00:00-04:00,2026-03-06T12:00:00-04:00,No,EVENNOT  PUESTO 4  5PM-9PM,20,Otro,NONE,#cabdbf,Si,,,,,,,,,,
0i3orhqppvotl3vpscboko1gpd,FRENTE HIJET ORDEN 2008 ,2026-03-06T12:00:00-04:00,2026-03-06T13:00:00-04:00,No,EVENNOT  PUESTO 4  5PM-9PM,20,Otro,NONE,#cabdbf,Si,,,,,,,,,,
622rmaks3erles7607ltbpba2u,FRENTE HIJET ORDEN 2009,2026-03-06T13:00:00-04:00,2026-03-06T14:00:00-04:00,No,EVENNOT  PUESTO 4  5PM-9PM,20,Otro,NONE,#cabdbf,Si,,,,,,,,,,
2u4h0n3rg8dcninatiqhi6hhr8,FRENTE HIJET 2020 ORDEN 0471 DIA 16,2026-03-06T14:00:00-04:00,2026-03-06T15:00:00-04:00,No,EVENNOT  PUESTO 4  5PM-9PM,20,Otro,NONE,#cabdbf,Si,,,,,,,,,,
7mggd966e44t8uri78j3dd7rqo,FRENTE HIJET ORDEN 2010 ,2026-03-07T16:00:00-04:00,2026-03-07T17:00:00-04:00,No,EVENNOT  PUESTO 4  5PM-9PM,20,Otro,NONE,#cabdbf,Si,,,,,,,,,,
19932g8mlu03otnbamonaliomj,FRENTE HIJET ORDEN 2011,2026-03-07T17:15:00-04:00,2026-03-07T18:15:00-04:00,No,EVENNOT  PUESTO 4  5PM-9PM,20,Otro,NONE,#cabdbf,Si,,,,,,,,,,
56h620opos50gpaiau9nmm4of6,FRENTE HIJET 2020 ORDEN 0475 DIA 17,2026-03-07T18:30:00-04:00,2026-03-07T19:30:00-04:00,No,EVENNOT  PUESTO 4  5PM-9PM,20,Otro,NONE,#cabdbf,Si,,,,,,,,,,
11htimbiv4kbg9futreflbad23,FRENTE TOWN ACE 2019 ORDEN 0476 DIA 17,2026-03-07T19:45:00-04:00,2026-03-07T20:45:00-04:00,No,EVENNOT  PUESTO 4  5PM-9PM,20,Otro,NONE,#cabdbf,Si,,,,,,,,,,
0fhuplqdo7ta68qk2rrljveqkq,FRENTE HIJET ORDEN 2012,2026-03-09T21:30:00-04:00,2026-03-09T22:30:00-04:00,No,EVENNOT  PUESTO 4  5PM-9PM,20,Otro,NONE,#cabdbf,Si,,,,,,,,,,
73vtlth3j8lrhfgmodho69uu4p,FRENTE HIJET ORDEN 2013,2026-03-09T22:45:00-04:00,2026-03-09T23:45:00-04:00,No,EVENNOT  PUESTO 4  5PM-9PM,20,Otro,NONE,#cabdbf,Si,,,,,,,,,,
58obsas91ntd6s40p3vjgqnu7c,FRENTE+PORTA PIES KIA 1 CAB. 2025 ORDEN 0477 DIA 18,2026-03-10T16:45:00-04:00,2026-03-10T17:45:00-04:00,No,EVENNOT  PUESTO 4  5PM-9PM,20,Otro,NONE,#cabdbf,Si,,,,,,,,,,
2ho41bahv4gpdb9rubgb5vr77a,FRENTE+PORTA PIES KIA 1 CAB. 2026 ORDEN 0486 DIA 18,2026-03-10T18:00:00-04:00,2026-03-10T19:00:00-04:00,No,EVENNOT  PUESTO 4  5PM-9PM,20,Otro,NONE,#cabdbf,Si,,,,,,,,,,
5kqdurg301tkp0855ks9rpulm0,FRENTE HIJET ORDEN 2014 ,2026-03-11T17:00:00-04:00,2026-03-11T18:00:00-04:00,No,EVENNOT  PUESTO 4  5PM-9PM,20,Otro,NONE,#cabdbf,Si,,,,,,,,,,
5uikekm3gf42jm241irenuv2v2,FRENTE HIJET ORDEN 2015 ,2026-03-11T18:15:00-04:00,2026-03-11T19:15:00-04:00,No,EVENNOT  PUESTO 4  5PM-9PM,20,Otro,NONE,#cabdbf,Si,,,,,,,,,,
12e9r10tbbbsnbq5qetlu2oq0e,ESTRIBOS HIJET ORDEN 2016 ,2026-03-13T17:00:00-04:00,2026-03-13T18:00:00-04:00,No,EVENNOT  PUESTO 4  5PM-9PM,20,Otro,NONE,#cabdbf,Si,,,,,,,,,,
0j9om3a19vt8v0aa09lql4qgep,ESTRIBOS HIJET 2021 ORDEN 0491 DIA 23,2026-03-13T18:00:00-04:00,2026-03-13T19:00:00-04:00,No,EVENNOT  PUESTO 4  5PM-9PM,20,Otro,NONE,#cabdbf,Si,,,,,,,,,,
08gadm2svpok83s08cv7cg1it3,ESTRIBOS TOWN ACE 2020 ORDEN 0496 DIA 23,2026-03-13T19:00:00-04:00,2026-03-13T20:00:00-04:00,No,EVENNOT  PUESTO 4  5PM-9PM,20,Otro,NONE,#cabdbf,Si,,,,,,,,,,
4hav6rnilpb0mafohj7j0g0fhr,ESTRIBOS HIJET 2021 ORDEN 0498 DIA 24,2026-03-13T21:00:00-04:00,2026-03-13T22:00:00-04:00,No,EVENNOT  PUESTO 4  5PM-9PM,20,Otro,NONE,#cabdbf,Si,,,,,,,,,,
7hmiiqc97qjrhmecqrmkku6r2v,ESTRIBOS HIJET ORDEN 2017,2026-03-13T22:00:00-04:00,2026-03-13T23:00:00-04:00,No,EVENNOT  PUESTO 4  5PM-9PM,20,Otro,NONE,#cabdbf,Si,,,,,,,,,,
2m5dl2kgrm8i514gmj1l731t0a,ESTRIBOS NV350 TECHO BAJITO 2021 ORDEN 0497 DIA 23,2026-03-14T13:00:00-04:00,2026-03-14T14:00:00-04:00,No,EVENNOT  PUESTO 4  5PM-9PM,20,Otro,NONE,#cabdbf,Si,,,,,,,,,,
26i219e09he5fhsvak0n79k0du,FRENTE PIXIS 2020 ORDEN 0465 DIA 19,2026-03-14T14:15:00-04:00,2026-03-14T15:15:00-04:00,No,EVENNOT  PUESTO 4  5PM-9PM,20,Otro,NONE,#cabdbf,Si,,,,,,,,,,
5huvi7bpvuo7rugpl5jppcp9e9,FRENTE HIJET 2021 ORDEN 0484 DIA 19,2026-03-14T15:30:00-04:00,2026-03-14T16:30:00-04:00,No,EVENNOT  PUESTO 4  5PM-9PM,20,Otro,NONE,#cabdbf,Si,,,,,,,,,,
0lrhmsdod4iomq4d8nrek86l2r,FRENTE HIJET ORDEN 0482 DIA 20,2026-03-14T16:45:00-04:00,2026-03-14T17:45:00-04:00,No,EVENNOT  PUESTO 4  5PM-9PM,20,Otro,NONE,#cabdbf,Si,,,,,,,,,,
5oma27s934ptn8fblb50jk61ik,FRENTE HIJET 2016 ORDEN 0483 DIA 20,2026-03-16T08:00:00-04:00,2026-03-16T09:00:00-04:00,No,EVENNOT  PUESTO 4  5PM-9PM,20,Otro,NONE,#cabdbf,Si,,,,,,,,,,
2om0lfcdod0v94qojfc1ptovb3,FRENTE+PORTA PIES KIA 1 CAB. 2026 ORDEN 0439 DIA 19,2026-03-17T13:00:00-04:00,2026-03-17T14:00:00-04:00,No,EVENNOT  PUESTO 4  5PM-9PM,20,Otro,NONE,#cabdbf,Si,,,,,,,,,,
7cp32podea5ofr73r1q7681cdn,FRENTE PLATANERA 2021 ORDEN 0489 DIA 21,2026-03-17T14:00:00-04:00,2026-03-17T15:00:00-04:00,No,EVENNOT  PUESTO 4  5PM-9PM,20,Otro,NONE,#cabdbf,Si,,,,,,,,,,
3mg05b8ops0obh525q7ma12tf5,FRENTE HIJET 2021 ORDEN 0498 DIA 24,2026-03-17T16:00:00-04:00,2026-03-17T17:00:00-04:00,No,EVENNOT  PUESTO 4  5PM-9PM,20,Otro,NONE,#cabdbf,Si,,,,,,,,,,
3jlepal706i5ft8epe8ca8p7nf,FRENTE HIJET ORDEN 2017,2026-03-17T17:00:00-04:00,2026-03-17T18:00:00-04:00,No,EVENNOT  PUESTO 4  5PM-9PM,20,Otro,NONE,#cabdbf,Si,,,,,,,,,,
47q0q2fq467n4tu0bnvhv5t3jg,FRENTE NV350 TECHO BAJITO 2021 ORDEN 0497 DIA 23,2026-03-18T18:00:00-04:00,2026-03-18T19:00:00-04:00,No,EVENNOT  PUESTO 4  5PM-9PM,20,Otro,NONE,#cabdbf,Si,,,,,,,,,,
0favvdm684d848re8q5js56bh0,FRENTE TOWN ACE 2018 ORDEN 0501 DIA 25,2026-03-18T19:00:00-04:00,2026-03-18T20:00:00-04:00,No,EVENNOT  PUESTO 4  5PM-9PM,20,Otro,NONE,#cabdbf,Si,,,,,,,,,,
45vnoa61oqu59gaps8j652r6bt,FRENTE HIJET 2021 ORDEN 0502 DIA 25,2026-03-18T20:00:00-04:00,2026-03-18T21:00:00-04:00,No,EVENNOT  PUESTO 4  5PM-9PM,20,Otro,NONE,#cabdbf,Si,,,,,,,,,,
1np6tsuca79stbg49jdi9h7vb3,FRENTE TOWN ACE ORDEN 0506 DIA 27,2026-03-18T22:00:00-04:00,2026-03-18T23:00:00-04:00,No,EVENNOT  PUESTO 4  5PM-9PM,20,Otro,NONE,#cabdbf,Si,,,,,,,,,,
1fetkpfo7qifr8su4j0hgquvpr,FRENTE NV350 TECHO BAJITO 2018 ORDEN 0508 DIA 27,2026-03-19T20:00:00-04:00,2026-03-19T21:00:00-04:00,No,EVENNOT  PUESTO 4  5PM-9PM,20,Otro,NONE,#cabdbf,Si,,,,,,,,,,
7nv06olpf9304q4jjbvfscqrqc,FRENTE HIJET ORDEN 2018,2026-03-19T21:00:00-04:00,2026-03-19T22:00:00-04:00,No,EVENNOT  PUESTO 4  5PM-9PM,20,Otro,NONE,#cabdbf,Si,,,,,,,,,,
63pka951shn5o8pfcbvo0hgaio,FRENTE HIJET 2016 ORDEN 0512 DIA 28,2026-03-19T22:00:00-04:00,2026-03-19T23:00:00-04:00,No,EVENNOT  PUESTO 4  5PM-9PM,20,Otro,NONE,#cabdbf,Si,,,,,,,,,,
1d418sjv3eosongj3uufsplic7,FRENTE HIJET 2016 ORDEN 0513 DIA 28,2026-03-19T23:00:00-04:00,2026-03-20T00:00:00-04:00,No,EVENNOT  PUESTO 4  5PM-9PM,20,Otro,NONE,#cabdbf,Si,,,,,,,,,,
1c0riqtac7prhdpd71q8f3b71n,FRENTE SUZUKI ECO 2026 ORDEN 0504 DIA 26,2026-03-20T19:00:00-04:00,2026-03-20T20:00:00-04:00,No,EVENNOT  PUESTO 4  5PM-9PM,20,Otro,NONE,#cabdbf,Si,,,,,,,,,,
6g2t40se77rml9n3pljsigduvp,FRENTE+PORTA PIES KIA 1 CAB. 2026 ORDEN 0510 DIA 28,2026-03-20T20:15:00-04:00,2026-03-20T21:15:00-04:00,No,EVENNOT  PUESTO 4  5PM-9PM,20,Otro,NONE,#cabdbf,Si,,,,,,,,,,
11e02ep0qnlal883aa386k2vh9,FRENTE HIJET 2018 ORDEN 0514 DIA 28,2026-03-23T10:00:00-04:00,2026-03-23T11:00:00-04:00,No,EVENNOT  PUESTO 4  5PM-9PM,20,Otro,NONE,#cabdbf,Si,,,,,,,,,,
7r8phv46gseo0j86l4sq5rll62,FRENTE HIJET ORDEN 2019 ,2026-03-23T11:00:00-04:00,2026-03-23T12:00:00-04:00,No,EVENNOT  PUESTO 4  5PM-9PM,20,Otro,NONE,#cabdbf,Si,,,,,,,,,,
3t35121o623riim075vkr2gtll,FRENTE HIJET ORDEN 0245 DIA 1,2026-03-23T12:00:00-04:00,2026-03-23T13:00:00-04:00,No,EVENNOT  PUESTO 4  5PM-9PM,20,Otro,NONE,#cabdbf,Si,,,,,,,,,,
7h1oqggksusbnb35pf4jt2j5q1,FRENTE+PORTA PIES KIA 1 CAB. 2026 ORDEN 0523 DIA 30,2026-03-23T13:00:00-04:00,2026-03-23T14:00:00-04:00,No,EVENNOT  PUESTO 4  5PM-9PM,20,Otro,NONE,#cabdbf,Si,,,,,,,,,,
7tmuifb5bo9it1kshts2sj6c78,FRENTE TOWN ACE 2018 ORDEN 0522 DIA 30,2026-03-23T14:00:00-04:00,2026-03-23T15:00:00-04:00,No,EVENNOT  PUESTO 4  5PM-9PM,20,Otro,NONE,#cabdbf,Si,,,,,,,,,,
00l562ebbinq9m6f2tk5mv0s94,FRENTE+PORTA PIES K2700 DOBLE CAB.  2026 ORDEN 0525 DIA 1,2026-03-24T17:30:00-04:00,2026-03-24T18:30:00-04:00,No,EVENNOT  PUESTO 4  5PM-9PM,20,Otro,NONE,#cabdbf,Si,,,,,,,,,,
5h2dksc05l1f7bt9pqj4aecbjn,FRENTE HIJET ORDEN 2022,2026-03-24T18:30:00-04:00,2026-03-24T19:30:00-04:00,No,EVENNOT  PUESTO 4  5PM-9PM,20,Otro,NONE,#cabdbf,Si,,,,,,,,,,
4frq8j0rglcketqu2bv4a6f0k0,FRENTE NISSAN PLATANERA 2019 ORDEN 0528 DIA 1,2026-03-24T19:30:00-04:00,2026-03-24T20:30:00-04:00,No,EVENNOT  PUESTO 4  5PM-9PM,20,Otro,NONE,#cabdbf,Si,,,,,,,,,,
6bnsv3bh8aevgetbrevpig2o2p,FRENTE HIJET 2019 ORDEN 0530 DIA 26,2026-03-24T21:30:00-04:00,2026-03-24T22:30:00-04:00,No,EVENNOT  PUESTO 4  5PM-9PM,20,Otro,NONE,#cabdbf,Si,,,,,,,,,,
4dngqpusr38r4db8okp58nomtr,FRENTE+PORTA PIES HYUNDAI PORTER 1 CAB. 2020 ORDEN 0533 DIA 2,2026-03-25T18:00:00-04:00,2026-03-25T19:00:00-04:00,No,EVENNOT  PUESTO 4  5PM-9PM,20,Otro,NONE,#cabdbf,Si,,,,,,,,,,
3ksra8q6m24psubvbtl7kd6mc7,FRENTE HIJET 2021 ORDEN 0531 DIA 2,2026-03-25T19:00:00-04:00,2026-03-25T20:00:00-04:00,No,EVENNOT  PUESTO 4  5PM-9PM,20,Otro,NONE,#cabdbf,Si,,,,,,,,,,
0j5f8di0b23cjqvda8rl5na614,FRENTE HIJET 2019 ORDEN 0537 DIA 6,2026-03-25T21:00:00-04:00,2026-03-25T22:00:00-04:00,No,EVENNOT  PUESTO 4  5PM-9PM,20,Otro,NONE,#cabdbf,Si,,,,,,,,,,
2hlo4mmjugbcftqi6a0s4v00ai,FRENTE NV350 TECHO BAJITO 2017 ORDEN 0539 DIA 6,2026-03-25T22:00:00-04:00,2026-03-25T23:00:00-04:00,No,EVENNOT  PUESTO 4  5PM-9PM,20,Otro,NONE,#cabdbf,Si,,,,,,,,,,
2ij3mlqsm10svtuukhljdc4ec4,FRENTE PIXIS 2019 ORDEN 0535 DIA 6,2026-03-26T17:00:00-04:00,2026-03-26T18:00:00-04:00,No,EVENNOT  PUESTO 4  5PM-9PM,20,Otro,NONE,#cabdbf,Si,,,,,,,,,,
03mcudfpsp4oo84u0a0a7tad9m,FRENTE+PORTA PIES K2700 1 CAB. 2026 ORDEN 0551 DIA 7,2026-03-26T18:00:00-04:00,2026-03-26T19:00:00-04:00,No,EVENNOT  PUESTO 4  5PM-9PM,20,Otro,NONE,#cabdbf,Si,,,,,,,,,,
3aj9fhukqiu9pls69kadav9rho,FRENTE NV200 JAPONESA 2019 ORDEN 0553 DIA 10,2026-03-26T19:00:00-04:00,2026-03-26T20:00:00-04:00,No,EVENNOT  PUESTO 4  5PM-9PM,20,Otro,NONE,#cabdbf,Si,,,,,,,,,,
1vjo7hn53vilnca291idbjd39h,FRENTE HIJET 2020 ORDEN 0540 DIA 7,2026-03-27T18:45:00-04:00,2026-03-27T19:45:00-04:00,No,EVENNOT  PUESTO 4  5PM-9PM,20,Otro,NONE,#cabdbf,Si,,,,,,,,,,
5ncehvv3avsdijtc3ksolpalv5,FRENTE HIJET 2020 ORDEN 0542 DIA 7,2026-03-27T19:45:00-04:00,2026-03-27T20:45:00-04:00,No,EVENNOT  PUESTO 4  5PM-9PM,20,Otro,NONE,#cabdbf,Si,,,,,,,,,,
50mgj3vjs100qtj0r4f2tv9qup,FRENTE TOWN ACE 2026 ORDEN 0543 DIA 8,2026-03-27T20:45:00-04:00,2026-03-27T21:45:00-04:00,No,EVENNOT  PUESTO 4  5PM-9PM,20,Otro,NONE,#cabdbf,Si,,,,,,,,,,
04piin0afoh3cego3kn88m86tv,FRENTE+PORTA PIES KIA DOBLE CAB. 2026 ORDEN 0544 DIA 8,2026-03-27T21:45:00-04:00,2026-03-27T22:45:00-04:00,No,EVENNOT  PUESTO 4  5PM-9PM,20,Otro,NONE,#cabdbf,Si,,,,,,,,,,
0ku8mmtgau00vdqctus7uffe5h,FRENTE HIJET 2020 ORDEN 0541 DIA 7,2026-03-30T19:00:00-04:00,2026-03-30T20:00:00-04:00,No,EVENNOT  PUESTO 4  5PM-9PM,20,Otro,NONE,#cabdbf,Si,,,,,,,,,,
2rjloteb7lfi079af1mpa94vb6,FRENTE+PORTA PIES HYUNDAI PORTER 2023 ORDEN 0566 DIA 14,2026-03-30T20:00:00-04:00,2026-03-30T21:00:00-04:00,No,EVENNOT  PUESTO 4  5PM-9PM,20,Otro,NONE,#cabdbf,Si,,,,,,,,,,
4kvl8t30qi44ckeohcqiqef5k8,FRENTE+PORTA PIES KIA BONGO 1 CAB. 2019 ORDEN 0559 DIA 13,2026-03-30T21:00:00-04:00,2026-03-30T22:00:00-04:00,No,EVENNOT  PUESTO 4  5PM-9PM,20,Otro,NONE,#cabdbf,Si,,,,,,,,,,
550b3jp10dgnpeou2uoavqpd9k,ARREGLAR FRENTE KIA ORDEN 0525,2026-03-31T18:00:00-04:00,2026-03-31T19:00:00-04:00,No,EVENNOT  PUESTO 4  5PM-9PM,20,Otro,NONE,#cabdbf,Si,,,,,,,,,,
3blac0hkdslgl03t513g2pea1j,ARREGLAR FRENTE KIA ORDEN 0544,2026-03-31T19:00:00-04:00,2026-03-31T20:00:00-04:00,No,EVENNOT  PUESTO 4  5PM-9PM,20,Otro,NONE,#cabdbf,Si,,,,,,,,,,
7b40p1u3tajd5c5bmf7qf6cnol,FRENTE TOWN ACE 2020 ORDEN 0558 DIA 11,2026-03-31T21:00:00-04:00,2026-03-31T22:00:00-04:00,No,EVENNOT  PUESTO 4  5PM-9PM,20,Otro,NONE,#cabdbf,Si,,,,,,,,,,
6ps1340b2luq9ikh2fok09gnb8,FRENTE TOWN ACE 2021 ORDEN 0562 DIA 14,2026-03-31T22:00:00-04:00,2026-03-31T23:00:00-04:00,No,EVENNOT  PUESTO 4  5PM-9PM,20,Otro,NONE,#cabdbf,Si,,,,,,,,,,
3m7c42dnlk1nc6n9vrmj2usl77,FRENTE HIJET 2018 ORDEN 0563 DIA 14,2026-03-31T23:00:00-04:00,2026-04-01T00:00:00-04:00,No,EVENNOT  PUESTO 4  5PM-9PM,20,Otro,NONE,#cabdbf,Si,,,,,,,,,,
5loo2l6jjqe2qp9ghagj4r1tsj,FRENTE CON MOÑA TOWN ACE 2017 ORDEN 0554 DIA 11,2026-04-01T14:15:00-04:00,2026-04-01T15:15:00-04:00,No,EVENNOT  PUESTO 4  5PM-9PM,20,Otro,NONE,#cabdbf,Si,,,,,,,,,,
7e8it7rpsubu1lge3vlfq7i8gs,FRENTE HIJET 2018 ORDEN 0577 DIA 17,2026-04-01T15:15:00-04:00,2026-04-01T16:15:00-04:00,No,EVENNOT  PUESTO 4  5PM-9PM,20,Otro,NONE,#cabdbf,Si,,,,,,,,,,
0h043v7mlkm9q2q73rhhkvj965,FRENTE HIJET 2018 ORDEN 0578 DIA 17,2026-04-01T16:15:00-04:00,2026-04-01T17:15:00-04:00,No,EVENNOT  PUESTO 4  5PM-9PM,20,Otro,NONE,#cabdbf,Si,,,,,,,,,,
6amcbobhuspe83o0kpq1erarjc,FRENTE NV350 TECHO BAJITO 2021 ORDEN 0572 DIA 18,2026-04-01T17:15:00-04:00,2026-04-01T18:15:00-04:00,No,EVENNOT  PUESTO 4  5PM-9PM,20,Otro,NONE,#cabdbf,Si,,,,,,,,,,
5nj0pacqg3f4u09uvu604t8q24,FRENTE HIJET 2018 ORDEN 0576 DIA 17,2026-04-06T18:45:00-04:00,2026-04-06T19:45:00-04:00,No,EVENNOT  PUESTO 4  5PM-9PM,20,Otro,NONE,#cabdbf,Si,,,,,,,,,,
371jkefvent5eupegb3k33urtg,FRENTE TOWN ACE 2012 ORDEN 0584 DIA 21,2026-04-06T19:45:00-04:00,2026-04-06T20:45:00-04:00,No,EVENNOT  PUESTO 4  5PM-9PM,20,Otro,NONE,#cabdbf,Si,,,,,,,,,,
6kbsq0hhsocqnd75jfp6avv8ej,FRENTE SUZUKI ECO 2026 ORDEN 0575 DIA 20,2026-04-06T21:45:00-04:00,2026-04-06T22:45:00-04:00,No,EVENNOT  PUESTO 4  5PM-9PM,20,Otro,NONE,#cabdbf,Si,,,,,,,,,,
1t48a37lc8rbqrp8ql6l0ell94,FRENTE HIJET ORDEN 2024,2026-04-08T16:00:00-04:00,2026-04-08T17:00:00-04:00,No,EVENNOT  PUESTO 4  5PM-9PM,20,Otro,NONE,#cabdbf,Si,,,,,,,,,,
1ci4i6rqs0i1riv8l0fjimvs0f, FRENTE HIJET ORDEN 2025,2026-04-08T17:00:00-04:00,2026-04-08T18:00:00-04:00,No,EVENNOT  PUESTO 4  5PM-9PM,20,Otro,NONE,#cabdbf,Si,,,,,,,,,,
0kjq49lo5bbco274364sc1kdpi,FRENTE HIJET ORDEN 2026,2026-04-08T18:00:00-04:00,2026-04-08T19:00:00-04:00,No,EVENNOT  PUESTO 4  5PM-9PM,20,Otro,NONE,#cabdbf,Si,,,,,,,,,,
6kt2ojig8ej7omcna1c2r9h4dp,FRENTE HIJET ORDEN 2027 ,2026-04-08T19:00:00-04:00,2026-04-08T20:00:00-04:00,No,EVENNOT  PUESTO 4  5PM-9PM,20,Otro,NONE,#cabdbf,Si,,,,,,,,,,
052nu0ondq3l98fgtl7h2oekuv,FRENTE + PORTA PIES KIA 1CABINA 2026 ORDEN 0593 DIA 21,2026-04-08T20:00:00-04:00,2026-04-08T21:00:00-04:00,No,EVENNOT  PUESTO 4  5PM-9PM,20,Otro,NONE,#cabdbf,Si,,,,,,,,,,
1ob97fa5ai4tle7ve6nddojhmr,FRENTE+PORTA PIES K2700 1 CAB. 2018 ORDEN 0581 DIA 21,2026-04-08T21:00:00-04:00,2026-04-08T22:00:00-04:00,No,EVENNOT  PUESTO 4  5PM-9PM,20,Otro,NONE,#cabdbf,Si,,,,,,,,,,
1e10lkk4r8a16djooe9g5e2dcu,FRENTE HIJET ORDEN 2030 ,2026-04-09T17:00:00-04:00,2026-04-09T18:00:00-04:00,No,EVENNOT  PUESTO 4  5PM-9PM,20,Otro,NONE,#cabdbf,Si,,,,,,,,,,
7j3jpmddjj0tmhabf5699f0r95,FRENTE HIJET ORDEN 2031,2026-04-09T18:00:00-04:00,2026-04-09T19:00:00-04:00,No,EVENNOT  PUESTO 4  5PM-9PM,20,Otro,NONE,#cabdbf,Si,,,,,,,,,,
2nl6qs0hedu74sdc3uftrd3nbg,FRENTE HIJET ORDEN 2032,2026-04-09T19:00:00-04:00,2026-04-09T20:00:00-04:00,No,EVENNOT  PUESTO 4  5PM-9PM,20,Otro,NONE,#cabdbf,Si,,,,,,,,,,
5cq76l1u3u7apgo4ckq74a109a,FRENTE HIJET ORDEN 2033 ,2026-04-09T20:00:00-04:00,2026-04-09T21:00:00-04:00,No,EVENNOT  PUESTO 4  5PM-9PM,20,Otro,NONE,#cabdbf,Si,,,,,,,,,,
7ahcmho38vbr8f6vt4ahokegqu,FRENTE HIJET ORDEN 2034,2026-04-09T21:00:00-04:00,2026-04-09T22:00:00-04:00,No,EVENNOT  PUESTO 4  5PM-9PM,20,Otro,NONE,#cabdbf,Si,,,,,,,,,,
5mnb5e06t17v826e7863su2prs,5 CARRETELES DICE QUE SON 200 CADA UNO,2026-04-09T22:00:00-04:00,2026-04-09T23:00:00-04:00,No,EVENNOT  PUESTO 4  5PM-9PM,20,Otro,NONE,#cabdbf,Si,,,,,,,,,,
0le4omahnulcvirggle287jv8l,FRENTE HIJET ORDEN 2035,2026-04-10T08:15:00-04:00,2026-04-10T09:15:00-04:00,No,EVENNOT  PUESTO 4  5PM-9PM,20,Otro,NONE,#cabdbf,Si,,,,,,,,,,
71oji62kvkbnlivgmhb5h4j2dg,FRENTE HIJET ORDEN 2036,2026-04-10T09:15:00-04:00,2026-04-10T10:15:00-04:00,No,EVENNOT  PUESTO 4  5PM-9PM,20,Otro,NONE,#cabdbf,Si,,,,,,,,,,
5t4vradqphb881u5skfuat0gnc,FRENTE HIJET ORDEN 2037,2026-04-10T10:15:00-04:00,2026-04-10T11:15:00-04:00,No,EVENNOT  PUESTO 4  5PM-9PM,20,Otro,NONE,#cabdbf,Si,,,,,,,,,,
1qr72pit74plnln54f8d8pttt4,2 CARRETELES ,2026-04-11T04:00:00-04:00,2026-04-11T05:00:00-04:00,No,EVENNOT  PUESTO 4  5PM-9PM,20,Otro,NONE,#cabdbf,Si,,,,,,,,,,
2h7iuurntha17cd0s3fsoqtaoj,FRENTE HIJET ORDEN 2038,2026-04-11T05:00:00-04:00,2026-04-11T06:00:00-04:00,No,EVENNOT  PUESTO 4  5PM-9PM,20,Otro,NONE,#cabdbf,Si,,,,,,,,,,
3fgjlb9es68uk5g3blmngpk675,FRENTE HIJET ORDEN 2039,2026-04-11T06:00:00-04:00,2026-04-11T07:00:00-04:00,No,EVENNOT  PUESTO 4  5PM-9PM,20,Otro,NONE,#cabdbf,Si,,,,,,,,,,
2ckoverrfc6l94nnamot8f7a6r,FRENTE HIJET ORDEN 0599 DIA 21,2026-04-11T07:00:00-04:00,2026-04-11T08:00:00-04:00,No,EVENNOT  PUESTO 4  5PM-9PM,20,Otro,NONE,#cabdbf,Si,,,,,,,,,,
48bam0s8unho4nofht1dg66tqu,FRENTE HIJET ORDEN 2042,2026-04-11T08:00:00-04:00,2026-04-11T09:00:00-04:00,No,EVENNOT  PUESTO 4  5PM-9PM,20,Otro,NONE,#cabdbf,Si,,,,,,,,,,
65l1dkfnuhdpjoqvcm33ipkchg,FRENTE HIJET ORDEN 2043,2026-04-13T08:30:00-04:00,2026-04-13T09:30:00-04:00,No,EVENNOT  PUESTO 4  5PM-9PM,20,Otro,NONE,#cabdbf,Si,,,,,,,,,,
65okj5ukbr1okice0bev0nabcb,FRENTE NV200 JAPONESA ORDEN 0605 DIA 25,2026-04-13T09:30:00-04:00,2026-04-13T10:30:00-04:00,No,EVENNOT  PUESTO 4  5PM-9PM,20,Otro,NONE,#cabdbf,Si,,,,,,,,,,
7mknhtt5gbe49lphbuq8t3s8l5,1 CARRETEL,2026-04-13T10:30:00-04:00,2026-04-13T11:30:00-04:00,No,EVENNOT  PUESTO 4  5PM-9PM,20,Otro,NONE,#cabdbf,Si,,,,,,,,,,
00hc1hi0rvsm7d6p8vakshmnh4,FRENTE+PORTA PIES KIA DOBLE CABINA ORDEN 0602 DIA 25,2026-04-14T06:00:00-04:00,2026-04-14T07:00:00-04:00,No,EVENNOT  PUESTO 4  5PM-9PM,20,Otro,NONE,#cabdbf,Si,,,,,,,,,,
2kl2ftiavvep93spo2gnirn49e,FRENTE TOWN ACE ORDEN 0604 DIA 26,2026-04-14T07:00:00-04:00,2026-04-14T08:00:00-04:00,No,EVENNOT  PUESTO 4  5PM-9PM,20,Otro,NONE,#cabdbf,Si,,,,,,,,,,
1utefpberglier1h7u4fj2rcaf,FRENTE HIJET ORDEN 2044 ,2026-04-14T08:00:00-04:00,2026-04-14T09:00:00-04:00,No,EVENNOT  PUESTO 4  5PM-9PM,20,Otro,NONE,#cabdbf,Si,,,,,,,,,,
7mka2c9ah9kqqcj9hmcptt4l9a,FRENTE HIJET ORDEN 2045,2026-04-14T09:00:00-04:00,2026-04-14T10:00:00-04:00,No,EVENNOT  PUESTO 4  5PM-9PM,20,Otro,NONE,#cabdbf,Si,,,,,,,,,,
545022h5pdaeeaktk608tjkn5k,FRENTE HIJET ORDEN 2046,2026-04-15T17:15:00-04:00,2026-04-15T18:15:00-04:00,No,EVENNOT  PUESTO 4  5PM-9PM,20,Otro,NONE,#cabdbf,Si,,,,,,,,,,
000v7kn45h46nfnlv6veh9ur8s,FRENTE HIJET ORDEN 2047,2026-04-15T18:15:00-04:00,2026-04-15T19:15:00-04:00,No,EVENNOT  PUESTO 4  5PM-9PM,20,Otro,NONE,#cabdbf,Si,,,,,,,,,,
2k8u7tfcreanftdrgkjig0h9p6,FRENTE TOWN ACE ORDEN 0613 DIA 28,2026-04-15T19:15:00-04:00,2026-04-15T20:15:00-04:00,No,EVENNOT  PUESTO 4  5PM-9PM,20,Otro,NONE,#cabdbf,Si,,,,,,,,,,
37hisen0g0ia7bnnlk22i7j4c4,FRENTE TOWN ACE ORDEN 0615 DIA 28,2026-04-15T20:15:00-04:00,2026-04-15T21:15:00-04:00,No,EVENNOT  PUESTO 4  5PM-9PM,20,Otro,NONE,#cabdbf,Si,,,,,,,,,,
10b72vd6diftg8dbq2vtrmjcoa,FRENTE K2700 + PORTA PIES 1 CABINA ORDEN 0581 DIA 21,2026-04-16T15:00:00-04:00,2026-04-16T16:00:00-04:00,No,EVENNOT  PUESTO 4  5PM-9PM,20,Otro,NONE,#cabdbf,Si,,,,,,,,,,
3cr6ivq7u6l8bk2uqmjbjbikea,FRENTE HIJET ORDEN 0618 DIA 28,2026-04-16T16:00:00-04:00,2026-04-16T17:00:00-04:00,No,EVENNOT  PUESTO 4  5PM-9PM,20,Otro,NONE,#cabdbf,Si,,,,,,,,,,
0nsl26b20b0iomn3t8r9ll10lh,FRENTE HIJET ORDEN 0617 DIA 28,2026-04-16T17:00:00-04:00,2026-04-16T18:00:00-04:00,No,EVENNOT  PUESTO 4  5PM-9PM,20,Otro,NONE,#cabdbf,Si,,,,,,,,,,
576o9ds3vt3heb3ropua97sv31,FRENTE HIJET ORDEN 0245 DIA 2,2026-04-16T18:00:00-04:00,2026-04-16T19:00:00-04:00,No,EVENNOT  PUESTO 4  5PM-9PM,20,Otro,NONE,#cabdbf,Si,,,,,,,,,,
3nfdbtsckr2372okpv61ueg1qd,FRENTE+PORTA PIES ISUZU CARA ESTRECHA ORDEN 0616 DIA 1,2026-04-17T12:00:00-04:00,2026-04-17T13:00:00-04:00,No,EVENNOT  PUESTO 4  5PM-9PM,20,Otro,NONE,#cabdbf,Si,,,,,,,,,,
222vhacn14a2bls9j5o1mv95ln,FRENTE HIJET ORDEN 0622 DIA 2,2026-04-17T13:00:00-04:00,2026-04-17T14:00:00-04:00,No,EVENNOT  PUESTO 4  5PM-9PM,20,Otro,NONE,#cabdbf,Si,,,,,,,,,,
3chpiasue17s0jl1q8m4fhhniu,FRENTE HIJET ORDEN 0623 DIA 2,2026-04-17T14:00:00-04:00,2026-04-17T15:00:00-04:00,No,EVENNOT  PUESTO 4  5PM-9PM,20,Otro,NONE,#cabdbf,Si,,,,,,,,,,
1af8t47q7ej9n11hg9g3c84bmm,FRENTE TOWN ACE ORDEN 0625 DIA 2,2026-04-18T03:15:00-04:00,2026-04-18T04:15:00-04:00,No,EVENNOT  PUESTO 4  5PM-9PM,20,Otro,NONE,#cabdbf,Si,,,,,,,,,,
78jbelqpck64v369ssca8ff5qf,FRENTE+PORTA PIES ISUZU VOLTEO 2025 ORDEN 0431 DIA 2,2026-04-18T04:15:00-04:00,2026-04-18T05:15:00-04:00,No,EVENNOT  PUESTO 4  5PM-9PM,20,Otro,NONE,#cabdbf,Si,,,,,,,,,,
57i0ub66qkmja5uvq9svckeud8,FRENTE+ PORTA PIES KIA DOBLE CABINA ORDEN 0619 DIA 2,2026-04-18T05:15:00-04:00,2026-04-18T06:15:00-04:00,No,EVENNOT  PUESTO 4  5PM-9PM,20,Otro,NONE,#cabdbf,Si,,,,,,,,,,
0f7e5ik39h8ui464s143g4c2tk,REPARAR FRENTE HIJET ORDEN 0513,2026-04-20T11:00:00-04:00,2026-04-20T12:00:00-04:00,No,EVENNOT  PUESTO 4  5PM-9PM,20,Otro,NONE,#cabdbf,Si,,,,,,,,,,
40slnuaqars6a697h3kdie867o,FRENTE+PORTA PIES KIA 1 CAB. 2026 ORDEN 0628 DIA 5,2026-04-20T12:00:00-04:00,2026-04-20T13:00:00-04:00,No,EVENNOT  PUESTO 4  5PM-9PM,20,Otro,NONE,#cabdbf,Si,,,,,,,,,,
3holoshs4ntj7n618dganmpjeb,FRENTE HIJET 2020 ORDEN 0630 DIA 5,2026-04-20T13:00:00-04:00,2026-04-20T14:00:00-04:00,No,EVENNOT  PUESTO 4  5PM-9PM,20,Otro,NONE,#cabdbf,Si,,,,,,,,,,
2ibqogtntiv98ramnvbnqjmdg4,FRENTE PLATANERA 2014 ORDEN 0635 DIA 5,2026-04-20T14:00:00-04:00,2026-04-20T15:00:00-04:00,No,EVENNOT  PUESTO 4  5PM-9PM,20,Otro,NONE,#cabdbf,Si,,,,,,,,,,
4k068uuk2oa743sto5uvgan3d7,FRENTE + PORTA PIES ISUZU ORDEN 0637 DIA 6,2026-04-20T15:00:00-04:00,2026-04-20T16:00:00-04:00,No,EVENNOT  PUESTO 4  5PM-9PM,20,Otro,NONE,#cabdbf,Si,,,,,,,,,,
4j8207i3elg5ahr77v0v862f9h, FRENTE HIJET ORDEN 0638 DIA 7,2026-04-23T03:15:00-04:00,2026-04-23T04:15:00-04:00,No,EVENNOT  PUESTO 4  5PM-9PM,20,Otro,NONE,#cabdbf,Si,,,,,,,,,,
7k975jq165ojkl6mqes95gdj0e,FRENTE HIJET ORDEN 0608 DIA 27,2026-04-23T14:00:00-04:00,2026-04-23T15:00:00-04:00,No,EVENNOT  PUESTO 4  5PM-9PM,20,Otro,NONE,#cabdbf,Si,,,,,,,,,,
1dk90471b6ldh7se98g1hjj3d1,FRENTE+PORTA PIES HYUNDAI PORTER 1 CAB. 2025 ORDEN 0642 DIA 28,2026-04-23T15:00:00-04:00,2026-04-23T16:00:00-04:00,No,EVENNOT  PUESTO 4  5PM-9PM,20,Otro,NONE,#cabdbf,Si,,,,,,,,,,
27ptg2fd5fov2lo0b8m67qr307,FRENTE HIJET ORDEN 0636 DIA 6,2026-04-23T16:00:00-04:00,2026-04-23T17:00:00-04:00,No,EVENNOT  PUESTO 4  5PM-9PM,20,Otro,NONE,#cabdbf,Si,,,,,,,,,,
4c8srt9qr85jlg8utam02rbjti,FRENTE+PORTA PIES KIA DOBLE CAB. ORDEN 0643 DIA 9,2026-04-24T17:00:00-04:00,2026-04-24T18:00:00-04:00,No,EVENNOT  PUESTO 4  5PM-9PM,20,Otro,NONE,#cabdbf,Si,,,,,,,,,,
7sg41govnk8hi05tfhb01nkn1l,FRENTE+PORTA PIES KIA 1 CAB ORDEN 0640 DIA 9 ,2026-04-24T18:00:00-04:00,2026-04-24T19:00:00-04:00,No,EVENNOT  PUESTO 4  5PM-9PM,20,Otro,NONE,#cabdbf,Si,,,,,,,,,,
3gu5v1lt429t7hjs8mn3pn8l0j,FRENTE HIJET 2019 ORDEN 0652 DIA 7,2026-04-25T13:00:00-04:00,2026-04-25T14:00:00-04:00,No,EVENNOT  PUESTO 4  5PM-9PM,20,Otro,NONE,#cabdbf,Si,,,,,,,,,,
3g8f2jt340ha2dh5ndps4aau4u,FRENTE+PORTA PIES KIA 1 CAB. 2026 ORDEN 0650 DIA 8,2026-04-25T14:00:00-04:00,2026-04-25T15:00:00-04:00,No,EVENNOT  PUESTO 4  5PM-9PM,20,Otro,NONE,#cabdbf,Si,,,,,,,,,,
327u824jso90g99dr472nv4r2q,FRENTE HIJET 2018 ORDEN 0645 DIA 9,2026-04-25T15:00:00-04:00,2026-04-25T16:00:00-04:00,No,EVENNOT  PUESTO 4  5PM-9PM,20,Otro,NONE,#cabdbf,Si,,,,,,,,,,
77bqsgun5itf9sief3uvnkjskc,FRENTE HIJET ORDEN 0641 DIA 8,2026-04-25T16:00:00-04:00,2026-04-25T17:00:00-04:00,No,EVENNOT  PUESTO 4  5PM-9PM,20,Otro,NONE,#cabdbf,Si,,,,,,,,,,
16qklask08igmho61u8jjn7f2b,PONER TODOS LOS TUBITOS DE MEDIA FALTANTE A LAS ORDENES PENDIENTES,2026-04-27T16:00:00-04:00,2026-04-27T17:00:00-04:00,No,EVENNOT  PUESTO 4  5PM-9PM,20,Otro,NONE,#cabdbf,Si,,,,,,,,,,
3u77sl8okpsvs478u52plbsunh,FRENTE+PORTA PIES MAZDA BONGO 1 CAB. 2017 ORDEN 0651 DIA 9,2026-04-27T17:00:00-04:00,2026-04-27T18:00:00-04:00,No,EVENNOT  PUESTO 4  5PM-9PM,20,Otro,NONE,#cabdbf,Si,,,,,,,,,,
004t3v4sc06tsema26vsu5orcv,FRENTE SUZUKI ECO ORDEN 0655 DIA 11,2026-04-27T18:00:00-04:00,2026-04-27T19:00:00-04:00,No,EVENNOT  PUESTO 4  5PM-9PM,20,Otro,NONE,#cabdbf,Si,,,,,,,,,,
0k78693t7fnflv1e4v40nkkmqk,FRENTE HINO CARA ANCHA ORDEN 0654 DIA 11,2026-04-28T12:30:00-04:00,2026-04-28T13:30:00-04:00,No,EVENNOT  PUESTO 4  5PM-9PM,20,Otro,NONE,#cabdbf,Si,,,,,,,,,,
67omhhcrb8a6mo2a48gebc3k37,FRENTE SUZUKI ECO ORDEN 0656 DIA 11,2026-04-28T13:30:00-04:00,2026-04-28T14:30:00-04:00,No,EVENNOT  PUESTO 4  5PM-9PM,20,Otro,NONE,#cabdbf,Si,,,,,,,,,,
0qfa76i4pugejkseisqhru84hc,FRENTE NV200 JAPONESA 2020 ORDEN 0666 DIA 13 ,2026-04-28T16:30:00-04:00,2026-04-28T17:30:00-04:00,No,EVENNOT  PUESTO 4  5PM-9PM,20,Otro,NONE,#cabdbf,Si,,,,,,,,,,
4u0dg1ujuhhui7jlscqftccgcd,FRENTE ECO ORDEN 0657 DIA 11,2026-04-29T14:00:00-04:00,2026-04-29T15:00:00-04:00,No,EVENNOT  PUESTO 4  5PM-9PM,20,Otro,NONE,#cabdbf,Si,,,,,,,,,,
0bioal2jrndobn5oqh41dkp5pq,FRENTE HIJET ORDEN 0667 DIA 14,2026-04-29T15:00:00-04:00,2026-04-29T16:00:00-04:00,No,EVENNOT  PUESTO 4  5PM-9PM,20,Otro,NONE,#cabdbf,Si,,,,,,,,,,
66q71kboc7rn2ptc62oiiiq4s1,FRENTE HIJET 2016 ORDEN 0668 DIA 14,2026-04-29T16:00:00-04:00,2026-04-29T17:00:00-04:00,No,EVENNOT  PUESTO 4  5PM-9PM,20,Otro,NONE,#cabdbf,Si,,,,,,,,,,
6hh5dc5bss1j7fa8jm465dcq58,FRENTE HIJET ORDEN 0670 DIA 15,2026-04-29T17:00:00-04:00,2026-04-29T18:00:00-04:00,No,EVENNOT  PUESTO 4  5PM-9PM,20,Otro,NONE,#cabdbf,Si,,,,,,,,,,
1hrgfi0fabo7hu6pvq0e078k9r,FRENTE HIJET 2019 ORDEN 0674 DIA 15,2026-04-30T20:00:00-04:00,2026-04-30T21:00:00-04:00,No,EVENNOT  PUESTO 4  5PM-9PM,20,Otro,NONE,#cabdbf,Si,,,,,,,,,,
069h2lfcrq8p1cs9rtniu9qg83,FRENTE SUZUKI ECO 2026 ORDEN 0675 DIA 15,2026-04-30T21:00:00-04:00,2026-04-30T22:00:00-04:00,No,EVENNOT  PUESTO 4  5PM-9PM,20,Otro,NONE,#cabdbf,Si,,,,,,,,,,
5rv98p12titfgffring4pe77th,ARREGLAR FRENTE HYUNDAI PORTER I CAB. ORDEN 0642,2026-05-01T18:00:00-04:00,2026-05-01T19:00:00-04:00,No,EVENNOT  PUESTO 4  5PM-9PM,20,Otro,NONE,#cabdbf,Si,,,,,,,,,,
1nppqeq8l3oto7052kd1u36crp,FRENTE+PORTA PIES FUSO CAMA LARGA ORDEN 0669 DIA 13,2026-05-01T19:00:00-04:00,2026-05-01T20:00:00-04:00,No,EVENNOT  PUESTO 4  5PM-9PM,20,Otro,NONE,#cabdbf,Si,,,,,,,,,,
6i13qv29orkjvqa1ohkrcbtm4g,FRENTE TOWN ACE ORDEN 0676 DIA 16,2026-05-02T15:15:00-04:00,2026-05-02T16:15:00-04:00,No,EVENNOT  PUESTO 4  5PM-9PM,20,Otro,NONE,#cabdbf,Si,,,,,,,,,,
48gvr3tg15sr84t6hsiivmj6h4,FRENTE HIJET ORDEN 0679 DIA 18,2026-05-02T17:15:00-04:00,2026-05-02T18:15:00-04:00,No,EVENNOT  PUESTO 4  5PM-9PM,20,Otro,NONE,#cabdbf,Si,,,,,,,,,,
38vi9gpkqc7i3uodhh8fpsov3u,FRENTE+PORTA PIES CON CARRETEL K2700 1 CAB. 2022 ORDEN 0686 DIA 18,2026-05-05T17:00:00-04:00,2026-05-05T18:00:00-04:00,No,EVENNOT  PUESTO 4  5PM-9PM,20,Otro,NONE,#cabdbf,Si,,,,,,,,,,
1vq8rvcqh0paqpivdk4804vc6a,FRENTE+PORTA PIES CON CARRETEL KIA 1 CAB. ORDEN 3000,2026-05-05T18:00:00-04:00,2026-05-05T19:00:00-04:00,No,EVENNOT  PUESTO 4  5PM-9PM,20,Otro,NONE,#cabdbf,Si,,,,,,,,,,
2rdbl7s1p3cckvc574kte16q45,FRENTE+PORTA PIES CON CARRETEL K2700 1 CAB. ORDEN 3001 ,2026-05-05T19:00:00-04:00,2026-05-05T20:00:00-04:00,No,EVENNOT  PUESTO 4  5PM-9PM,20,Otro,NONE,#cabdbf,Si,,,,,,,,,,
6pn58ht4el20duv2ppa5028jva,FRENTE HYUNDAI COUNTRY CON CARRETEL ORDEN 0689 ,2026-05-06T22:15:00-04:00,2026-05-06T23:15:00-04:00,No,EVENNOT  PUESTO 4  5PM-9PM,20,Otro,NONE,#cabdbf,Si,,,,,,,,,,
0ldqgu5bvb8fnuk1hb179cr3et,FRENTE NV200 JAPONESA 2021 ORDEN 0687 DIA 20,2026-05-07T16:00:00-04:00,2026-05-07T17:00:00-04:00,No,EVENNOT  PUESTO 4  5PM-9PM,20,Otro,NONE,#cabdbf,Si,,,,,,,,,,
0tjptuosmtqmjcv306ha5cm1ns,FRENTE HIJET 2019 ORDEN 0702 DIA 20,2026-05-07T17:00:00-04:00,2026-05-07T18:00:00-04:00,No,EVENNOT  PUESTO 4  5PM-9PM,20,Otro,NONE,#cabdbf,Si,,,,,,,,,,
255veuolbrhluvu0p0vafmd4uu,FRENTE TOWN ACE 2020 ORDEN 0712 DIA 19,2026-05-08T20:30:00-04:00,2026-05-08T21:30:00-04:00,No,EVENNOT  PUESTO 4  5PM-9PM,20,Otro,NONE,#cabdbf,Si,,,,,,,,,,
2ogil5td0gdoqe1kbsbnu6ilpi,REP. GRADO C FRENTE HIJET ORDEN 0111 DIA 23,2026-05-08T21:30:00-04:00,2026-05-08T22:30:00-04:00,No,EVENNOT  PUESTO 4  5PM-9PM,20,Otro,NONE,#cabdbf,Si,,,,,,,,,,
7vcilqc6sijln93r6tkhlc4e5i,FRENTE HYUNDAI COUNTRY ORDEN 0690 ,2026-05-08T22:30:00-04:00,2026-05-08T23:30:00-04:00,No,EVENNOT  PUESTO 4  5PM-9PM,20,Otro,NONE,#cabdbf,Si,,,,,,,,,,
72dmh1fngvuee3a1voqmkek5lo,FRENTE+PORTA PIES CON CARRETEL K2700 1 CAB. ORDEN 3002,2026-05-09T04:30:00-04:00,2026-05-09T05:30:00-04:00,No,EVENNOT  PUESTO 4  5PM-9PM,20,Otro,NONE,#cabdbf,Si,,,,,,,,,,
39bcggnu91nh4t6q8me9hm7f9s,FRENTE+PORTA PIES CON CARRETEL K2700 1 CAB. ORDEN 3003,2026-05-09T05:30:00-04:00,2026-05-09T06:30:00-04:00,No,EVENNOT  PUESTO 4  5PM-9PM,20,Otro,NONE,#cabdbf,Si,,,,,,,,,,
260er34e6usl6usisc41lp4lid,FRENTE SUZUKI ECCO 2026 ORDEN 0703 DIA 20 ,2026-05-09T07:30:00-04:00,2026-05-09T08:30:00-04:00,No,EVENNOT  PUESTO 4  5PM-9PM,20,Otro,NONE,#cabdbf,Si,,,,,,,,,,
60s7rg47ib9h01nj8am0a3llgo,FRENTE+PORTA PIES CON CARRETEL K2700 1 CAB. ORDEN 3004,2026-05-11T11:00:00-04:00,2026-05-11T12:00:00-04:00,No,EVENNOT  PUESTO 4  5PM-9PM,20,Otro,NONE,#cabdbf,Si,,,,,,,,,,
5ov22b326iuv7rfpflqgqg2607,FRENTE+PORTA PIES CON CARRETEL 1 CAB. K2700 2027 ORDEN 0701 DIA 22,2026-05-11T14:00:00-04:00,2026-05-11T15:00:00-04:00,No,EVENNOT  PUESTO 4  5PM-9PM,20,Otro,NONE,#cabdbf,Si,,,,,,,,,,
5u8v1karb5g4jfn7lnblq1n6qv,FRENTE+PORTA PIES CON CARRETEL ISUZU CAMA LARGA MEDIDA 69 TIENE FURGON 2020 ORDEN 0706 DIA 22 ,2026-05-12T17:00:00-04:00,2026-05-12T18:00:00-04:00,No,EVENNOT  PUESTO 4  5PM-9PM,20,Otro,NONE,#cabdbf,Si,,,,,,,,,,
06obouduiaj40rpb18do4cga3a,FRENTE+PORTA PIES K2700 1 CAB. 2026 ORDEN 0708 DIA 23,2026-05-12T18:00:00-04:00,2026-05-12T19:00:00-04:00,No,EVENNOT  PUESTO 4  5PM-9PM,20,Otro,NONE,#cabdbf,Si,,,,,,,,,,
3u6t5dlug2dppfe9oua7blj2hb,FRENTE SIN PORTA PIES K2700 1 CAB. 2026 ORDEN 0704 DIA 21,2026-05-12T19:00:00-04:00,2026-05-12T20:00:00-04:00,No,EVENNOT  PUESTO 4  5PM-9PM,20,Otro,NONE,#cabdbf,Si,,,,,,,,,,
5hiq4rv9r408md4jspdngkk15c,FRENTE JOYLANG CON CARRETEL 2027 ORDEN 0694,2026-05-13T17:15:00-04:00,2026-05-13T18:15:00-04:00,No,EVENNOT  PUESTO 4  5PM-9PM,20,Otro,NONE,#cabdbf,Si,,,,,,,,,,
5hms3vu09duavvpfoku8mg1i4c,FRENTE JOYLANG ORDEN 0695,2026-05-13T18:15:00-04:00,2026-05-13T19:15:00-04:00,No,EVENNOT  PUESTO 4  5PM-9PM,20,Otro,NONE,#cabdbf,Si,,,,,,,,,,
7he8l7b7u3amff4de4f480frer,FRENTE JOYLANG ORDEN 0697,2026-05-14T19:30:00-04:00,2026-05-14T20:30:00-04:00,No,EVENNOT  PUESTO 4  5PM-9PM,20,Otro,NONE,#cabdbf,Si,,,,,,,,,,
4fnsh1shovibrm3vbh2cecm2qk,FRENTE NV200 JAPONESA 2020 ORDEN 0718 DIA 25,2026-05-14T20:30:00-04:00,2026-05-14T21:30:00-04:00,No,EVENNOT  PUESTO 4  5PM-9PM,20,Otro,NONE,#cabdbf,Si,,,,,,,,,,
7comd09mtc6ugsq5bgntjo82fd,FRENTE PLATANERA 2018 ORDEN 0722 DIA 28,2026-05-14T21:30:00-04:00,2026-05-14T22:30:00-04:00,No,EVENNOT  PUESTO 4  5PM-9PM,20,Otro,NONE,#cabdbf,Si,,,,,,,,,,
2qdn6m2aq6itf09t9mi0cbpm31,FRENTE N400 2023 ORDEN 0729 DIA 27,2026-05-15T16:45:00-04:00,2026-05-15T17:45:00-04:00,No,EVENNOT  PUESTO 4  5PM-9PM,20,Otro,NONE,#cabdbf,Si,,,,,,,,,,
70vmp8781tb1jagheso0nuul7n,FRENTE NV200 JAPONESA 2014 ORDEN 0730 DIA 28,2026-05-15T17:45:00-04:00,2026-05-15T18:45:00-04:00,No,EVENNOT  PUESTO 4  5PM-9PM,20,Otro,NONE,#cabdbf,Si,,,,,,,,,,
56f4d12v1rqmgn9jtlupsrh4eq,FRENTE HIJET 2000 ORDEN 0747 DIA 1,2026-05-15T18:45:00-04:00,2026-05-15T19:45:00-04:00,No,EVENNOT  PUESTO 4  5PM-9PM,20,Otro,NONE,#cabdbf,Si,,,,,,,,,,
41ter9qbi1smtjpnjpa97dl69f,FRENTE+PORTA PIES K2700 1 CAB. 2026 ORDEN 0734 DIA 29,2026-05-18T15:00:00-04:00,2026-05-18T16:00:00-04:00,No,EVENNOT  PUESTO 4  5PM-9PM,20,Otro,NONE,#cabdbf,Si,,,,,,,,,,
58b1mc12qmgd7c88a1nk68i0bq,FRENTE+PORTA PIES HYUNDAI PORTER 1 CAB. ORDEN 0743 DIA 29,2026-05-18T16:00:00-04:00,2026-05-18T17:00:00-04:00,No,EVENNOT  PUESTO 4  5PM-9PM,20,Otro,NONE,#cabdbf,Si,,,,,,,,,,
1jd6klocmpcjo1lq06bmt6gdm8,FRENTE HYUNDAI H1 2021 ORDEN 0736 DIA 29,2026-05-18T17:00:00-04:00,2026-05-18T18:00:00-04:00,No,EVENNOT  PUESTO 4  5PM-9PM,20,Otro,NONE,#cabdbf,Si,,,,,,,,,,
1tctum9scj4g9t0kj66ofkrbol,FRENTE+PORTA PIES ISUZU CARA ESTRECHA 2026 ORDEN 0732 DIA 29,2026-05-19T17:00:00-04:00,2026-05-19T18:00:00-04:00,No,EVENNOT  PUESTO 4  5PM-9PM,20,Otro,NONE,#cabdbf,Si,,,,,,,,,,
1jp6qfo8aa1lcplkvl79iksch1,FRENTE NV200 JAPONESA 2014 ORDEN 0730 DIA 28,2026-05-20T14:00:00-04:00,2026-05-20T15:00:00-04:00,No,EVENNOT  PUESTO 4  5PM-9PM,20,Otro,NONE,#cabdbf,Si,,,,,,,,,,
4h5vpudkof84jes3i0o6k3td26,FRENTE+PORTA PIES KIA 1 CAB. ORDEN 3005 ,2026-05-20T15:00:00-04:00,2026-05-20T16:00:00-04:00,No,EVENNOT  PUESTO 4  5PM-9PM,20,Otro,NONE,#cabdbf,Si,,,,,,,,,,
4okaufb3pkuih4e4fgm1e2at3t,FRENTE+PORTA PIES KIA 1 CAB. ORDEN 3006,2026-05-20T16:00:00-04:00,2026-05-20T17:00:00-04:00,No,EVENNOT  PUESTO 4  5PM-9PM,20,Otro,NONE,#cabdbf,Si,,,,,,,,,,
4oovu6i9fl6unbbfbd8n5sqsea,FRENTE+PORTA PIES KIA 1 CAB. ORDEN 3007,2026-05-20T17:00:00-04:00,2026-05-20T18:00:00-04:00,No,EVENNOT  PUESTO 4  5PM-9PM,20,Otro,NONE,#cabdbf,Si,,,,,,,,,,
6li3mncogj0nuilrboqq875hil,FRENTE+PORTA PIES KIA 1 CAB. ORDEN 3008,2026-05-21T19:00:00-04:00,2026-05-21T20:00:00-04:00,No,EVENNOT  PUESTO 4  5PM-9PM,20,Otro,NONE,#cabdbf,Si,,,,,,,,,,
15i62pi8u1sq9cp1415mnkr497,FRENTE TOWN ACE 2015 ORDEN 0748 DIA 2,2026-05-21T20:00:00-04:00,2026-05-21T21:00:00-04:00,No,EVENNOT  PUESTO 4  5PM-9PM,20,Otro,NONE,#cabdbf,Si,,,,,,,,,,
6j3coa95hcp6j8pcpmq6lae737,FRENTE NV200 JAPONESA 2021 ORDEN 0750 DIA 2,2026-05-21T21:00:00-04:00,2026-05-21T22:00:00-04:00,No,EVENNOT  PUESTO 4  5PM-9PM,20,Otro,NONE,#cabdbf,Si,,,,,,,,,,
244l6pu78bf7d7co5e1tmgngpt,FRENTE TOWN ACE ORDEN 0751 DIA 2,2026-05-21T22:00:00-04:00,2026-05-21T23:00:00-04:00,No,EVENNOT  PUESTO 4  5PM-9PM,20,Otro,NONE,#cabdbf,Si,,,,,,,,,,
36gjusfm7oac37stanqcsaptkp,FRENTE NV200 JAPONESA 2019 ORDEN 0753 DIA 3,2026-05-21T23:00:00-04:00,2026-05-22T00:00:00-04:00,No,EVENNOT  PUESTO 4  5PM-9PM,20,Otro,NONE,#cabdbf,Si,,,,,,,,,,
2eir155o489slco9kmo7tafif5,FRENTE TOWN ACE ORDEN 0764 DIA 5,2026-05-22T15:00:00-04:00,2026-05-22T16:00:00-04:00,No,EVENNOT  PUESTO 4  5PM-9PM,20,Otro,NONE,#cabdbf,Si,,,,,,,,,,
0pp24d4fmhgjf3jt6brapk8jeq,FRENTE TOWN ACE 2021 ORDEN 0772 DIA 8 ,2026-05-25T20:00:00-04:00,2026-05-25T21:00:00-04:00,No,EVENNOT  PUESTO 4  5PM-9PM,20,Otro,NONE,#cabdbf,Si,,,,,,,,,,
6frcvgbg1l40tomiuk14ii5t28,FRENTE TOWN ACE ORDEN 0774 DIA 8,2026-05-25T21:00:00-04:00,2026-05-25T22:00:00-04:00,No,EVENNOT  PUESTO 4  5PM-9PM,20,Otro,NONE,#cabdbf,Si,,,,,,,,,,
7fci300rpi4kdf2tmjgh0uq5s5,VER FOTO FRENTE EN V  PLATANERA HIJET 2021 ORDEN 0760 DIA 3,2026-05-25T22:00:00-04:00,2026-05-25T23:00:00-04:00,No,EVENNOT  PUESTO 4  5PM-9PM,20,Otro,NONE,#cabdbf,Si,,,,,,,,,,
4mm3m6jpaare0kf2563lgnrnb5,2 CARRETEL,2026-05-25T23:00:00-04:00,2026-05-26T00:00:00-04:00,No,EVENNOT  PUESTO 4  5PM-9PM,20,Otro,NONE,#cabdbf,Si,,,,,,,,,,
3fn6dhpmqu22eh7ubthrip9f4j,FRENTE TOWN ACE ORDEN 0778 DIA 10,2026-05-26T12:15:00-04:00,2026-05-26T13:15:00-04:00,No,EVENNOT  PUESTO 4  5PM-9PM,20,Otro,NONE,#cabdbf,Si,,,,,,,,,,
4nqnh726sc3u2rc3p13fsna2cp,FRENTE+PORTA PIES K2700 1 CAB. ORDEN 0781 DIA 10,2026-05-26T13:15:00-04:00,2026-05-26T14:15:00-04:00,No,EVENNOT  PUESTO 4  5PM-9PM,20,Otro,NONE,#cabdbf,Si,,,,,,,,,,
61petbgiou5ep7nl9ov3v9lu6b,FRENTE+PORTA PIES HYUNDAI PORTER 1 CAB. 2020 ORDEN 0788 DIA 12,2026-05-26T14:15:00-04:00,2026-05-26T15:15:00-04:00,No,EVENNOT  PUESTO 4  5PM-9PM,20,Otro,NONE,#cabdbf,Si,,,,,,,,,,
079jbr86n32o99061b9j6nbh3l,FRENTE+PORTA PIES HYUNDAI PORTER 1 CAB. 2026 ORDEN 0792 DIA 15,2026-05-26T15:15:00-04:00,2026-05-26T16:15:00-04:00,No,EVENNOT  PUESTO 4  5PM-9PM,20,Otro,NONE,#cabdbf,Si,,,,,,,,,,
7bure4b5gj50bleqibnlip5hh7,FRENTE+PORTA PIES KIA 1 CAB. ORDEN 3009,2026-05-27T19:00:00-04:00,2026-05-27T20:00:00-04:00,No,EVENNOT  PUESTO 4  5PM-9PM,20,Otro,NONE,#cabdbf,Si,,,,,,,,,,
16ctsl13mrlfk3tt8k7cc11hqt,FRENTE NV200 JAPONESA 2020 ORDEN 0784 DIA 9,2026-05-27T21:00:00-04:00,2026-05-27T22:00:00-04:00,No,EVENNOT  PUESTO 4  5PM-9PM,20,Otro,NONE,#cabdbf,Si,,,,,,,,,,
5uhqmgeb4c0qqgjtt18oprtd2e,FRENTE TOWN ACE 2016 ORDEN 0785 DIA 11 ,2026-05-27T22:00:00-04:00,2026-05-27T23:00:00-04:00,No,EVENNOT  PUESTO 4  5PM-9PM,20,Otro,NONE,#cabdbf,Si,,,,,,,,,,
06ip4i4on1qcd7iftim6koc83i,FRENTE NV200 JAPONESA 2020 ORDEN 0782 DIA 11,2026-05-27T23:00:00-04:00,2026-05-28T00:00:00-04:00,No,EVENNOT  PUESTO 4  5PM-9PM,20,Otro,NONE,#cabdbf,Si,,,,,,,,,,
3o1sdml055ijmtos0n1jielir6,FRENTE+PORTA PIES KIA 1 CAB. ORDEN 3012,2026-05-28T18:00:00-04:00,2026-05-28T19:00:00-04:00,No,EVENNOT  PUESTO 4  5PM-9PM,20,Otro,NONE,#cabdbf,Si,,,,,,,,,,
310eufrsbuogi6nhnqp0bequbh,FRENTE NV200 JAPONESA 2017 ORDEN 0777 DIA 9,2026-05-28T19:00:00-04:00,2026-05-28T20:00:00-04:00,No,EVENNOT  PUESTO 4  5PM-9PM,20,Otro,NONE,#cabdbf,Si,,,,,,,,,,
26lv9lq9e1rkuvha0b04scqqg7,FRENTE+PORTA PIES ISUZU CARA ANCHA 2026 ORDEN 0779 DIA 10,2026-05-28T21:00:00-04:00,2026-05-28T22:00:00-04:00,No,EVENNOT  PUESTO 4  5PM-9PM,20,Otro,NONE,#cabdbf,Si,,,,,,,,,,
0kk03jeak821p343akspmpm0sg,FRENTE+PORTA PIES K2700 1 CAB. ORDEN 0794 DIA 13,2026-05-29T07:00:00-04:00,2026-05-29T08:00:00-04:00,No,EVENNOT  PUESTO 4  5PM-9PM,20,Otro,NONE,#cabdbf,Si,,,,,,,,,,
4jbsg79kq0r10b877q8evng3tq,FRENTE+PORTA PIES K2700 1 CAB. ORDEN 0795 DIA 13,2026-05-29T08:00:00-04:00,2026-05-29T09:00:00-04:00,No,EVENNOT  PUESTO 4  5PM-9PM,20,Otro,NONE,#cabdbf,Si,,,,,,,,,,
6vu6r4havcuq9qqn2opgh0o7e7,FRENTE+PORTA PIES CUADRADO CON 2 ARANDELAS ADICIONAL PARA LUCES ALOGENOS K2700 2026 ORDEN 0796 DIA 15,2026-05-29T09:00:00-04:00,2026-05-29T10:00:00-04:00,No,EVENNOT  PUESTO 4  5PM-9PM,20,Otro,NONE,#cabdbf,Si,,,,,,,,,,
42gajejga2o5lqpqf350bf3i10,FRENTE+PORTA PIES K2700 1 CAB. 2025 ORDEN 0797 DIA 15,2026-05-29T10:00:00-04:00,2026-05-29T11:00:00-04:00,No,EVENNOT  PUESTO 4  5PM-9PM,20,Otro,NONE,#cabdbf,Si,,,,,,,,,,
28rg05b0qtnhv6vsguuf33ohth,2 CARRETEL,2026-05-29T11:00:00-04:00,2026-05-29T12:00:00-04:00,No,EVENNOT  PUESTO 4  5PM-9PM,20,Otro,NONE,#cabdbf,Si,,,,,,,,,,
2rcqee9b47lhetinjmibv60jbf,FRENTE NV200 JAPONESA 2018 ORDEN 0807 DIA 17,2026-06-01T04:00:00-04:00,2026-06-01T05:00:00-04:00,No,EVENNOT  PUESTO 4  5PM-9PM,20,Otro,NONE,#cabdbf,Si,,,,,,,,,,
6inuu7m552lqg2dkdmfsamvu9f,FRENTE+PORTA PIES ISUZU CARA ANCHA 2022 ORDEN 0802 DIA 16,2026-06-01T05:00:00-04:00,2026-06-01T06:00:00-04:00,No,EVENNOT  PUESTO 4  5PM-9PM,20,Otro,NONE,#cabdbf,Si,,,,,,,,,,
07t98i3tdn6774lgfu84fvucp1,FRENTE TOWN ACE 2020 ORDEN 0805 DIA 16,2026-06-01T06:00:00-04:00,2026-06-01T07:00:00-04:00,No,EVENNOT  PUESTO 4  5PM-9PM,20,Otro,NONE,#cabdbf,Si,,,,,,,,,,
0jkpev4lc6hdhq0h8ffh3mpgrf,FRENTE TOWN ACE 2021 ORDEN 0813 DIA 17,2026-06-01T07:00:00-04:00,2026-06-01T08:00:00-04:00,No,EVENNOT  PUESTO 4  5PM-9PM,20,Otro,NONE,#cabdbf,Si,,,,,,,,,,
2oj24lhfb5aibovi2kds0rkrel,FRENTE NV350 TECHO BAJITO ORDEN 0790 DIA 12,2026-06-02T18:00:00-04:00,2026-06-02T19:00:00-04:00,No,EVENNOT  PUESTO 4  5PM-9PM,20,Otro,NONE,#cabdbf,Si,,,,,,,,,,
2dejnvmd536gi1474080k92kt0,FRENTE+PORTA PIES ISUZU CARA ANCHA CAMA LARGA 2023 ORDEN 0810 DIA 18 ,2026-06-02T19:00:00-04:00,2026-06-02T20:00:00-04:00,No,EVENNOT  PUESTO 4  5PM-9PM,20,Otro,NONE,#cabdbf,Si,,,,,,,,,,
209j9rduq4mqs1hniue8vsagm8,FRENTE CON CARRETEL ISUZU CARA ANCHA 2016 ORDEN 0808 DIA 17,2026-06-02T20:00:00-04:00,2026-06-02T21:00:00-04:00,No,EVENNOT  PUESTO 4  5PM-9PM,20,Otro,NONE,#cabdbf,Si,,,,,,,,,,
4te76mmoc2q3c9bhp0nhiebpoi,CON CARRETEL FRENTE+PORTA PIES ISUZU VOLTEO CARA ANCHA 2020 ORDEN 0664 DIA 13,2026-06-03T16:00:00-04:00,2026-06-03T17:00:00-04:00,No,EVENNOT  PUESTO 4  5PM-9PM,20,Otro,NONE,#cabdbf,Si,,,,,,,,,,
164ohjvsnup7earc14i0mi1fbm,FRENTE+PORTA PIES K2700 1 CAB. ORDEN 3013,2026-06-03T17:00:00-04:00,2026-06-03T18:00:00-04:00,No,EVENNOT  PUESTO 4  5PM-9PM,20,Otro,NONE,#cabdbf,Si,,,,,,,,,,
3d4g8bi7q0t9a6n15ouckbhu8q,FRENTE+PORTA PIES K2700 1 CAB. 2022 ORDEN 0814 DIA 19,2026-06-03T18:00:00-04:00,2026-06-03T19:00:00-04:00,No,EVENNOT  PUESTO 4  5PM-9PM,20,Otro,NONE,#cabdbf,Si,,,,,,,,,,
5lqgj43g0fdav5e1n66j5rmhos,FRENTE+PORTA PIES K2700 1 CAB. 2024 ORDEN 0806 DIA 16,2026-06-04T16:00:00-04:00,2026-06-04T17:00:00-04:00,No,EVENNOT  PUESTO 4  5PM-9PM,20,Otro,NONE,#cabdbf,Si,,,,,,,,,,
2na2jpk8pggle34c9tj9ea5kv5,FRENTE+PORTA PIES JMC DE 81 CARA ANCHA TIENE FURGON ORDEN 0811 DIA 25,2026-06-04T17:00:00-04:00,2026-06-04T18:00:00-04:00,No,EVENNOT  PUESTO 4  5PM-9PM,20,Otro,NONE,#cabdbf,Si,,,,,,,,,,
725akorseipb1h6iiljhd056h3,FRENTE TOWN ACE ,2026-06-04T18:00:00-04:00,2026-06-04T19:00:00-04:00,No,EVENNOT  PUESTO 4  5PM-9PM,20,Otro,NONE,#cabdbf,Si,,,,,,,,,,
68595elgj94fpdb61nt0a7bfhm,FRENTE+PORTA PIES CUADRADOS CON 4 LUCES PARA ALOGENO K2700 1 CAB.  ORDEN 0818,2026-06-08T16:00:00-04:00,2026-06-08T17:00:00-04:00,No,EVENNOT  PUESTO 4  5PM-9PM,20,Otro,NONE,#cabdbf,Si,,,,,,,,,,
1ujdkk8b56sf7q4dl0sjtutbtg,FRENTE HIACE TECHO BAJITO 2020 ORDEN 0821 DIA 22,2026-06-08T17:00:00-04:00,2026-06-08T18:00:00-04:00,No,EVENNOT  PUESTO 4  5PM-9PM,20,Otro,NONE,#cabdbf,Si,,,,,,,,,,
5ir2c8eequ6q0as08pj2r67vs3,FRENTE NV350 TECHO BAJITO  2021 ORDEN 0790 DIA 12,2026-06-08T18:00:00-04:00,2026-06-08T19:00:00-04:00,No,EVENNOT  PUESTO 4  5PM-9PM,20,Otro,NONE,#cabdbf,Si,,,,,,,,,,
013oadmr7abk36sdau4qa54bof,FRENTE TOWN ACE ORDEN 4001,2026-06-08T19:00:00-04:00,2026-06-08T20:00:00-04:00,No,EVENNOT  PUESTO 4  5PM-9PM,20,Otro,NONE,#cabdbf,Si,,,,,,,,,,
3n1h52i21a6egmgm8ctbmja2mi,FRENTE N400 2023 ORDEN 0816 DIA 20,2026-06-09T11:00:00-04:00,2026-06-09T12:00:00-04:00,No,EVENNOT  PUESTO 4  5PM-9PM,20,Otro,NONE,#cabdbf,Si,,,,,,,,,,
62isp391tsd41v1dj9lelt505r,VER FOTO FRENTE MIRA 2019 ORDEN 0809 DIA 17 ,2026-06-09T12:00:00-04:00,2026-06-09T13:00:00-04:00,No,EVENNOT  PUESTO 4  5PM-9PM,20,Otro,NONE,#cabdbf,Si,,,,,,,,,,
5tnk3ic49kr9ogt40afqmuaft8,FRENTE K2700 DOBLE CAB. 2 GOMAS 2027 ORDEN 0820 DIA 20,2026-06-10T10:00:00-04:00,2026-06-10T11:00:00-04:00,No,EVENNOT  PUESTO 4  5PM-9PM,20,Otro,NONE,#cabdbf,Si,,,,,,,,,,
28etujme2pkh170u69vanrq9kf,FRENTE TOWN ACE ORDEN 0828 DIA 23,2026-06-10T11:00:00-04:00,2026-06-10T12:00:00-04:00,No,EVENNOT  PUESTO 4  5PM-9PM,20,Otro,NONE,#cabdbf,Si,,,,,,,,,,
6b3lmm7begeq56cjf0b1m4mrml,4 RIBETE DICE QUE SON 100 C.U,2026-06-10T12:00:00-04:00,2026-06-10T13:00:00-04:00,No,EVENNOT  PUESTO 4  5PM-9PM,20,Otro,NONE,#cabdbf,Si,,,,,,,,,,
5eibcus9to7kns1jg1otf5n118,REP. GRADO B FRENTE TACOMA 2013 ORDEN 0143 DIA 24,2026-06-11T14:30:00-04:00,2026-06-11T15:30:00-04:00,No,EVENNOT  PUESTO 4  5PM-9PM,20,Otro,NONE,#cabdbf,Si,,,,,,,,,,
1uo6bm5lph39mn7h4ufvtbgg0u,REP. GRADO B FRENTE N400 2022 ORDEN 0146 DIA 26,2026-06-11T15:30:00-04:00,2026-06-11T16:30:00-04:00,No,EVENNOT  PUESTO 4  5PM-9PM,20,Otro,NONE,#cabdbf,Si,,,,,,,,,,
1jfkq7e7sfadrgubtect7rfubt,FRENTE HIJET ORDEN 2049,2026-06-12T10:00:00-04:00,2026-06-12T11:00:00-04:00,No,EVENNOT  PUESTO 4  5PM-9PM,20,Otro,NONE,#cabdbf,Si,,,,,,,,,,
4971504l4n4os1iv98or8t0kq7,FRENTE HIJET ORDEN 2050,2026-06-12T11:00:00-04:00,2026-06-12T12:00:00-04:00,No,EVENNOT  PUESTO 4  5PM-9PM,20,Otro,NONE,#cabdbf,Si,,,,,,,,,,
6dapqvs5sr9dqgc9k8vkl94unf,FRENTE HIJET ORDEN 2051,2026-06-12T12:00:00-04:00,2026-06-12T13:00:00-04:00,No,EVENNOT  PUESTO 4  5PM-9PM,20,Otro,NONE,#cabdbf,Si,,,,,,,,,,
1acduj0e2b5rmkjc7psg98m4p1,FRENTE HIJET ORDEN 2052,2026-06-12T13:00:00-04:00,2026-06-12T14:00:00-04:00,No,EVENNOT  PUESTO 4  5PM-9PM,20,Otro,NONE,#cabdbf,Si,,,,,,,,,,
0bqfls9t7m4lsa23for3js6ahm,FRENTE HIJET ORDEN 2048 ,2026-06-12T14:00:00-04:00,2026-06-12T15:00:00-04:00,No,EVENNOT  PUESTO 4  5PM-9PM,20,Otro,NONE,#cabdbf,Si,,,,,,,,,,
0vefdq1nhhn1rbfvpujh75cgen,FRENTE HIJET ORDEN 2053,2026-06-15T21:30:00-04:00,2026-06-15T22:00:00-04:00,No,EVENNOT  PUESTO 4  5PM-9PM,20,Otro,NONE,#cabdbf,Si,,,,,,,,,,
4nhje719pjdvhtq507vr6mire4,FRENTE HIJET ORDEN 2054,2026-06-15T22:00:00-04:00,2026-06-15T22:30:00-04:00,No,EVENNOT  PUESTO 4  5PM-9PM,20,Otro,NONE,#cabdbf,Si,,,,,,,,,,
0hcbf4lblfg5gmek459qnj4v26,FRENTE HIJET ORDEN 2055,2026-06-15T22:30:00-04:00,2026-06-15T23:00:00-04:00,No,EVENNOT  PUESTO 4  5PM-9PM,20,Otro,NONE,#cabdbf,Si,,,,,,,,,,
526lf0kj1f2ilsb2t81ov375bd,FRENTE HIJET ORDEN 2056,2026-06-15T23:00:00-04:00,2026-06-15T23:30:00-04:00,No,EVENNOT  PUESTO 4  5PM-9PM,20,Otro,NONE,#cabdbf,Si,,,,,,,,,,
1creefhtttsdvsk1rsmopi3snt,FRENTE HIJET ORDEN 2057,2026-06-15T23:30:00-04:00,2026-06-16T00:00:00-04:00,No,EVENNOT  PUESTO 4  5PM-9PM,20,Otro,NONE,#cabdbf,Si,,,,,,,,,,
4g8hb883k4hauv42ijfrj0hp6k,FRENTE HIJET ORDEN 2059,2026-06-16T00:00:00-04:00,2026-06-16T01:00:00-04:00,No,EVENNOT  PUESTO 4  5PM-9PM,20,Otro,NONE,#cabdbf,Si,,,,,,,,,,
02l3hpnhj4tas163o8mrpvo66n,FRENTE HIJET ORDEN 2060,2026-06-16T01:00:00-04:00,2026-06-16T02:00:00-04:00,No,EVENNOT  PUESTO 4  5PM-9PM,20,Otro,NONE,#cabdbf,Si,,,,,,,,,,
47d681oo1hb8vqvmsh3o8vh4kr,FRENTE HIJET ORDEN 2061,2026-06-16T02:00:00-04:00,2026-06-16T03:00:00-04:00,No,EVENNOT  PUESTO 4  5PM-9PM,20,Otro,NONE,#cabdbf,Si,,,,,,,,,,
2ebshd83lr9nvctrlsjnpp8ebp,FRENTE HYUNDAI PORTER 1 CAB. 2026 ORDEN 0840 DIA 29,2026-06-16T04:00:00-04:00,2026-06-16T05:00:00-04:00,No,EVENNOT  PUESTO 4  5PM-9PM,20,Otro,NONE,#cabdbf,Si,,,,,,,,,,
6qt49qloqe837fvoc9ipsadm76,REP. GRADO B FRENTE K2700 2026 ORDEN 0149 DIA 29,2026-06-17T15:00:00-04:00,2026-06-17T16:00:00-04:00,No,EVENNOT  PUESTO 4  5PM-9PM,20,Otro,NONE,#cabdbf,Si,,,,,,,,,,
1hg73ouo226k7hc9l0fdth5qor,FRENTE+PORTA PIES K2700 1 CAB. ORDEN 3018,2026-06-17T17:00:00-04:00,2026-06-17T18:00:00-04:00,No,EVENNOT  PUESTO 4  5PM-9PM,20,Otro,NONE,#cabdbf,Si,,,,,,,,,,
4dgp1la4o6ulc8a86i0kp94um7,FRENTE+PORTA PIES K2700 1 CAB. ORDEN 3019,2026-06-17T18:00:00-04:00,2026-06-17T19:00:00-04:00,No,EVENNOT  PUESTO 4  5PM-9PM,20,Otro,NONE,#cabdbf,Si,,,,,,,,,,
24er6jpbkvtnj8n01h5vvqk846,FRENTE NV200 JAPONESA 2018 ORDEN 0846 DIA 30,2026-06-18T07:30:00-04:00,2026-06-18T08:30:00-04:00,No,EVENNOT  PUESTO 4  5PM-9PM,20,Otro,NONE,#cabdbf,Si,,,,,,,,,,
1hithfpf0inlf9l5cgjalgquq6,1 ribete,2026-06-18T08:30:00-04:00,2026-06-18T09:30:00-04:00,No,EVENNOT  PUESTO 4  5PM-9PM,20,Otro,NONE,#cabdbf,Si,,,,,,,,,,
5g8o7b4r3s22g00bpj1ib47env,REPARAR FRENTE DE LA ORDEN 0823,2026-06-23T14:00:00-04:00,2026-06-23T15:00:00-04:00,No,EVENNOT  PUESTO 4  5PM-9PM,20,Otro,NONE,#cabdbf,Si,,,,,,,,,,
1ohhfuih9gn39m4j9ncf1f26vd,FRENTE+PORTA PIES CON 2 OREJITAS ADICIONALES ISUZU CARA ANCHA ORDEN 0857 DIA 2,2026-06-23T16:00:00-04:00,2026-06-23T17:00:00-04:00,No,EVENNOT  PUESTO 4  5PM-9PM,20,Otro,NONE,#cabdbf,Si,,,,,,,,,,
3jhf6uietcdol0u6h4gjaqqq8b,CON CARRETEL FRENTE+PORTA PIES CON 2 OREJITAS ADICIONALES ISUZU CARA ANCHA ORDEN 0858 DIA 3,2026-06-23T17:00:00-04:00,2026-06-23T18:00:00-04:00,No,EVENNOT  PUESTO 4  5PM-9PM,20,Otro,NONE,#cabdbf,Si,,,,,,,,,,
08feq4grs8guj3tc8jpos59ib3,REPARAR TODOS LOS FRENTES PENDIENTES,2026-06-24T14:00:00-04:00,2026-06-24T15:00:00-04:00,No,EVENNOT  PUESTO 4  5PM-9PM,20,Otro,NONE,#cabdbf,Si,,,,,,,,,,
01ujojl71ephgeng9kq7ha0qi6,2 ribete,2026-06-24T15:00:00-04:00,2026-06-24T16:00:00-04:00,No,EVENNOT  PUESTO 4  5PM-9PM,20,Otro,NONE,#cabdbf,Si,,,,,,,,,,
7nv576dtlccm96jv7ocr1ogb61,FRENTE+PORTA PIES K2700 1 CAB. ORDEN 3022,2026-06-25T12:00:00-04:00,2026-06-25T13:00:00-04:00,No,EVENNOT  PUESTO 4  5PM-9PM,20,Otro,NONE,#cabdbf,Si,,,,,,,,,,
1c8rl6cohoi96i72spm61n9ds4,FRENTE+PORTA PIES K2700 1 CAB. ORDEN 3026,2026-06-25T13:00:00-04:00,2026-06-25T14:00:00-04:00,No,EVENNOT  PUESTO 4  5PM-9PM,20,Otro,NONE,#cabdbf,Si,,,,,,,,,,
3v60b4dlnm1ofs365fhrqb38ll,FRENTE+PORTA PIES ISUZU CARA ANCHA ORDEN 0855 DIA 2,2026-06-26T03:15:00-04:00,2026-06-26T04:15:00-04:00,No,EVENNOT  PUESTO 4  5PM-9PM,20,Otro,NONE,#cabdbf,Si,,,,,,,,,,
1c9r6eli62c6rt9erqm7452hfg,FRENTE+PORTA PIES K2700 1 CAB. 3029,2026-06-26T04:15:00-04:00,2026-06-26T05:15:00-04:00,No,EVENNOT  PUESTO 4  5PM-9PM,20,Otro,NONE,#cabdbf,Si,,,,,,,,,,
0qqubaoo1ntij64f9lmdv51408,FRENTE ALTO HASTA LAS LUCES NV350 TECHO BAJITO 2020 ORDEN 0873 DIA 6,2026-06-29T01:00:00-04:00,2026-06-29T02:00:00-04:00,No,EVENNOT  PUESTO 4  5PM-9PM,20,Otro,NONE,#cabdbf,Si,,,,,,,,,,
1me8rvi1dbsi604hf6jm9l6u7e,REP. GRADO C FRENTE HIJET 2016 ORDEN 0159 DIA 7,2026-06-29T02:00:00-04:00,2026-06-29T03:00:00-04:00,No,EVENNOT  PUESTO 4  5PM-9PM,20,Otro,NONE,#cabdbf,Si,,,,,,,,,,
3c8l3m3j92b52v8k5mne3r8t7d,FRENTE+PORTA PIES K2700 1 CAB. ORDEN 3030,2026-06-29T05:00:00-04:00,2026-06-29T06:00:00-04:00,No,EVENNOT  PUESTO 4  5PM-9PM,20,Otro,NONE,#cabdbf,Si,,,,,,,,,,
36gv0hehmggtdqv6ppevm817f4,0855-0857 poner pisa pies a 83,2026-06-30T15:00:00-04:00,2026-06-30T16:00:00-04:00,No,EVENNOT  PUESTO 4  5PM-9PM,20,Otro,NONE,#cabdbf,Si,,,,,,,,,,
4j4dljojb8e86amp0kb2lj4uhl,FRENTE CHANGAN TIPO CAMIONCITO  2026 ORDEN 0881 DIA 9,2026-06-30T16:00:00-04:00,2026-06-30T17:00:00-04:00,No,EVENNOT  PUESTO 4  5PM-9PM,20,Otro,NONE,#cabdbf,Si,,,,,,,,,,
3ljuhd57008fudd16uklasujq1,"0872, 0841 REPARAR ESTAS Y LAS DEMAS ORDENES ",2026-07-01T14:00:00-04:00,2026-07-01T15:00:00-04:00,No,EVENNOT  PUESTO 4  5PM-9PM,20,Otro,NONE,#cabdbf,Si,,,,,,,,,,
6k5s8td39qjp9vebaptrlhng03,0857 PONER PISA PIES A 83,2026-07-01T15:00:00-04:00,2026-07-01T16:00:00-04:00,No,EVENNOT  PUESTO 4  5PM-9PM,20,Otro,NONE,#cabdbf,Si,,,,,,,,,,
6rrlsfbl9h46avf4tmafmmqr9i,HACER CARRETELES PENDIENTES DE KIA,2026-07-01T16:00:00-04:00,2026-07-01T17:00:00-04:00,No,EVENNOT  PUESTO 4  5PM-9PM,20,Otro,NONE,#cabdbf,Si,,,,,,,,,,
6vma8m3oiv7d28vkotjo6mahkl,FRENTE+PORTA PIES AGREGAR 2 OREGITAS ADICIONALES K2700 1 CAB. 2021 ORDEN 0885 DIA 9,2026-07-01T17:00:00-04:00,2026-07-01T18:00:00-04:00,No,EVENNOT  PUESTO 4  5PM-9PM,20,Otro,NONE,#cabdbf,Si,,,,,,,,,,
47gkop3iqvt2tnj26q0llhotrv,3029 CONFIRMAR MEDIDAS Y CORREGIR DEFECTOS,2026-07-02T11:30:00-04:00,2026-07-02T12:30:00-04:00,No,EVENNOT  PUESTO 4  5PM-9PM,20,Otro,NONE,#cabdbf,Si,,,,,,,,,,
7cp3183vio5hgel7aa0e7njmoa,0885 CONFIRMAR MEDIDAS Y CORREGIR DEFECTOS,2026-07-02T12:30:00-04:00,2026-07-02T13:30:00-04:00,No,EVENNOT  PUESTO 4  5PM-9PM,20,Otro,NONE,#cabdbf,Si,,,,,,,,,,
0kjemo6knfp7e9210tof492i80,0867 CONFIRMAR MEDIDAS Y CORREGIR DEFECTOS,2026-07-02T13:30:00-04:00,2026-07-02T14:30:00-04:00,No,EVENNOT  PUESTO 4  5PM-9PM,20,Otro,NONE,#cabdbf,Si,,,,,,,,,,
42d4kb2i5o9vvpkd4uar390ths,FRENTE+PORTA PIES K2700 1 CAB. ORDEN 3032 ,2026-07-02T14:30:00-04:00,2026-07-02T15:30:00-04:00,No,EVENNOT  PUESTO 4  5PM-9PM,20,Otro,NONE,#cabdbf,Si,,,,,,,,,,
56s31376n1sr503d412cqhjqs1,FRENTE+PORTA PIES ISUZU CARA ESTRECHA 2026 ORDEN 0866 DIA 4,2026-07-03T14:00:00-04:00,2026-07-03T15:00:00-04:00,No,EVENNOT  PUESTO 4  5PM-9PM,20,Otro,NONE,#cabdbf,Si,,,,,,,,,,
7o9utfs0thfsdrcf4e6nfqvueu,REP. GRADO C FRENTE TOWN ACE 2013 ORDEN 0163 DIA 14,2026-07-03T15:00:00-04:00,2026-07-03T16:00:00-04:00,No,EVENNOT  PUESTO 4  5PM-9PM,20,Otro,NONE,#cabdbf,Si,,,,,,,,,,
2vbia1hucoprllctsf1ppagf86,FRENTE+PORTA PIES 3 PULGADAS MENOS DE CADA LADO DE LOS PIES QUE EL FRENTE NORMAL DAIHATSU CARA ANCHA DE 81 2006 ORDEN 0864 DIA 11,2026-07-03T16:00:00-04:00,2026-07-03T17:00:00-04:00,No,EVENNOT  PUESTO 4  5PM-9PM,20,Otro,NONE,#cabdbf,Si,,,,,,,,,,
2sfqs1tn8slip9jnv2lvrb7mud,FRENTE TOWN ACE 2020 ORDEN 0915 DIA 18,2026-07-07T08:00:00-04:00,2026-07-07T09:00:00-04:00,No,EVENNOT  PUESTO 4  5PM-9PM,20,Otro,NONE,#cabdbf,Si,,,,,,,,,,
2ti7v651i0c68the45uno0skoa,FRENTE NV200 AMAERICANA 2020 ORDEN 0919 DIA 21,2026-07-07T09:00:00-04:00,2026-07-07T10:00:00-04:00,No,EVENNOT  PUESTO 4  5PM-9PM,20,Otro,NONE,#cabdbf,Si,,,,,,,,,,
0hj4oq7d98amgftr3ekjnfgmf2,FRENTE NV200 JAPONESA 2020 ORDEN 0920 DIA 21,2026-07-07T10:00:00-04:00,2026-07-07T11:00:00-04:00,No,EVENNOT  PUESTO 4  5PM-9PM,20,Otro,NONE,#cabdbf,Si,,,,,,,,,,
654ldcjn6icj27mrpc5f5q6tsq,FRENTE TOWN ACE 2020 ORDEN 0924 DIA 18,2026-07-07T11:00:00-04:00,2026-07-07T12:00:00-04:00,No,EVENNOT  PUESTO 4  5PM-9PM,20,Otro,NONE,#cabdbf,Si,,,,,,,,,,
3c42b6a8gt2uthsum5k3telhek,REP. GRADO B FRENTE HIJET 2019 ORDEN 0171 DIA 20,2026-07-08T14:00:00-04:00,2026-07-08T15:00:00-04:00,No,EVENNOT  PUESTO 4  5PM-9PM,20,Otro,NONE,#cabdbf,Si,,,,,,,,,,
4cgde46natcodm4miknpnacfhj,FRENTE NV350 TECHO ALTO 2024 ORDEN 0912 DIA 18,2026-07-08T16:00:00-04:00,2026-07-08T17:00:00-04:00,No,EVENNOT  PUESTO 4  5PM-9PM,20,Otro,NONE,#cabdbf,Si,,,,,,,,,,
5fsa5eg4hcr3pqoc8hge48c0m9,FRENTE TOWN ACE 2014 ORDEN 0926 DIA 22,2026-07-08T17:00:00-04:00,2026-07-08T18:00:00-04:00,No,EVENNOT  PUESTO 4  5PM-9PM,20,Otro,NONE,#cabdbf,Si,,,,,,,,,,
022nluc2981pssmt74amu7idsh,FRENTE HYUNDAI STAREX 2020 ORDEN 0894 DIA 13,2026-07-10T19:00:00-04:00,2026-07-10T20:00:00-04:00,No,EVENNOT  PUESTO 4  5PM-9PM,20,Otro,NONE,#cabdbf,Si,,,,,,,,,,
477c850idkcquuvjv88vtfkj6r,FRENTE TOWN ACE 2019 ORDEN 0931 DIA 23,2026-07-10T20:00:00-04:00,2026-07-10T21:00:00-04:00,No,EVENNOT  PUESTO 4  5PM-9PM,20,Otro,NONE,#cabdbf,Si,,,,,,,,,,
57gfue0ekr124geiukfsikd05i,FRENTE HIJET ORDEN 2064,2026-07-10T21:00:00-04:00,2026-07-10T22:00:00-04:00,No,EVENNOT  PUESTO 4  5PM-9PM,20,Otro,NONE,#cabdbf,Si,,,,,,,,,,
4rqcdcjdq2g80kkff8qv4u1ecn,FRENTE HIJET ORDEN 2065,2026-07-10T22:00:00-04:00,2026-07-10T23:00:00-04:00,No,EVENNOT  PUESTO 4  5PM-9PM,20,Otro,NONE,#cabdbf,Si,,,,,,,,,,
2tf22ps93upvmv1pvtjj8uq4t0,FRENTE HYUNDAI STAREX 2020 ORDEN 0930 DIA 22,2026-07-11T02:15:00-04:00,2026-07-11T03:15:00-04:00,No,EVENNOT  PUESTO 4  5PM-9PM,20,Otro,NONE,#cabdbf,Si,,,,,,,,,,
3a0f7k1ebt0nnugstfsh3t9f05,FRENTE HYUNDAI STAREX 2020 ORDEN 0893 DIA 13,2026-07-11T03:15:00-04:00,2026-07-11T04:15:00-04:00,No,EVENNOT  PUESTO 4  5PM-9PM,20,Otro,NONE,#cabdbf,Si,,,,,,,,,,
15rp31oto1lk881dpjqm1juqnn,REP. GRADO B FRENTE TOWN ACE 2020 ORDEN 0175 DIA 27,2026-07-13T03:15:00-04:00,2026-07-13T04:15:00-04:00,No,EVENNOT  PUESTO 4  5PM-9PM,20,Otro,NONE,#cabdbf,Si,,,,,,,,,,
43r0k7lrh40v4erjanei14vc79,FRENTE HIJET ORDEN 2069,2026-07-13T04:15:00-04:00,2026-07-13T05:15:00-04:00,No,EVENNOT  PUESTO 4  5PM-9PM,20,Otro,NONE,#cabdbf,Si,,,,,,,,,,
38fcq3blh4vn4qrhfj1gv72quf,FRENTE HIJET ORDEN 2070,2026-07-13T05:15:00-04:00,2026-07-13T06:15:00-04:00,No,EVENNOT  PUESTO 4  5PM-9PM,20,Otro,NONE,#cabdbf,Si,,,,,,,,,,
5hg5jigouaer3f8ducihhht3b3,FRENTE HIJET ORDEN 2071,2026-07-13T06:15:00-04:00,2026-07-13T07:15:00-04:00,No,EVENNOT  PUESTO 4  5PM-9PM,20,Otro,NONE,#cabdbf,Si,,,,,,,,,,
02dq58p3f4log76kqa57c5dtvt,FRENTE+PORTA PIES HINO CARA ANCHA ORDEN 0654 DIA 16,2026-07-14T04:00:00-04:00,2026-07-14T05:00:00-04:00,No,EVENNOT  PUESTO 4  5PM-9PM,20,Otro,NONE,#cabdbf,Si,,,,,,,,,,
2kiunacck55m4g0v3guuvll5v4,ARREGLAR FRENTE ORDEN 0892,2026-07-15T10:30:00-04:00,2026-07-15T11:30:00-04:00,No,EVENNOT  PUESTO 4  5PM-9PM,20,Otro,NONE,#cabdbf,Si,,,,,,,,,,
6pm4tl75m758jbpmmteosjhfpa,FRENTE+PORTA PIES 2 ARANDELA ADICIONAL FUSO CARA ANCHA 2013 ORDEN 0934 DIA 24,2026-07-16T03:00:00-04:00,2026-07-16T04:00:00-04:00,No,EVENNOT  PUESTO 4  5PM-9PM,20,Otro,NONE,#cabdbf,Si,,,,,,,,,,
08qcs00la0ics6am2t8r0s4led,FRENTE HIJET ORDEN 2073,2026-07-16T04:00:00-04:00,2026-07-16T05:00:00-04:00,No,EVENNOT  PUESTO 4  5PM-9PM,20,Otro,NONE,#cabdbf,Si,,,,,,,,,,
55i9g3r428f4o5l3mm434ksviu,FRENTE LITE ACE 2013 ORDEN 0932 DIA 23,2026-07-16T05:00:00-04:00,2026-07-16T06:00:00-04:00,No,EVENNOT  PUESTO 4  5PM-9PM,20,Otro,NONE,#cabdbf,Si,,,,,,,,,,
1veugi711j64jg30f0os3sqrgn,FRENTE LITE ACE 2018 ORDEN 0940 DIA 27,2026-07-16T06:00:00-04:00,2026-07-16T07:00:00-04:00,No,EVENNOT  PUESTO 4  5PM-9PM,20,Otro,NONE,#cabdbf,Si,,,,,,,,,,
3thmhdoh4j8e4dn83rir21v7v5,MODIFICAR CHANGAN,2026-07-17T05:00:00-04:00,2026-07-17T06:00:00-04:00,No,EVENNOT  PUESTO 4  5PM-9PM,20,Otro,NONE,#cabdbf,Si,,,,,,,,,,
189ltqps16s2rkre25tfr3umic,FRENTE N400 2023 ORDEN 0949 DIA 28,2026-07-17T06:00:00-04:00,2026-07-17T07:00:00-04:00,No,EVENNOT  PUESTO 4  5PM-9PM,20,Otro,NONE,#cabdbf,Si,,,,,,,,,,
1bv75vloddh6vnoe0ho6i0b2kr,FRENTE N400 2026 ORDEN 0951 DIA 28,2026-07-17T07:00:00-04:00,2026-07-17T08:00:00-04:00,No,EVENNOT  PUESTO 4  5PM-9PM,20,Otro,NONE,#cabdbf,Si,,,,,,,,,,
396em1sl2k1a5tvrl5rhvdb3hc,FRENTE+PORTA PIES DAIHATSU CARA ANCHA 2007 ORDEN 0952 DIA 28,2026-07-20T02:00:00-04:00,2026-07-20T03:00:00-04:00,No,EVENNOT  PUESTO 4  5PM-9PM,20,Otro,NONE,#cabdbf,Si,,,,,,,,,,
69a8olb6ikk6ra93v467uoqtrj,FRENTE+PORTA PIES K2700 1 CAB. ORDEN 3036,2026-07-20T03:00:00-04:00,2026-07-20T04:00:00-04:00,No,EVENNOT  PUESTO 4  5PM-9PM,20,Otro,NONE,#cabdbf,Si,,,,,,,,,,
55r9fn9ae9coua4kf23qqmp6c0,FRENTE TOWN ACE 2018 ORDEN 0941 DIA 27,2026-07-21T17:00:00-04:00,2026-07-21T18:00:00-04:00,No,EVENNOT  PUESTO 4  5PM-9PM,20,Otro,NONE,#cabdbf,Si,,,,,,,,,,
24he52k6djvfq0g10us2gm7bme,FRENTE NV200 ORDEN 5000,2026-07-21T18:00:00-04:00,2026-07-21T19:00:00-04:00,No,EVENNOT  PUESTO 4  5PM-9PM,20,Otro,NONE,#cabdbf,Si,,,,,,,,,,
0dq9cghv8ak2bfiviqju438nns,FRENTE TOWN ACE 2018 ORDEN 0947 DIA 7,2026-07-21T19:00:00-04:00,2026-07-21T20:00:00-04:00,No,EVENNOT  PUESTO 4  5PM-9PM,20,Otro,NONE,#cabdbf,Si,,,,,,,,,,
78e273go7dil4o2oe8rjcpl2gl,FRENTE TOWN ACE 2015 ORDEN 0955 DIA 29,2026-07-21T21:00:00-04:00,2026-07-21T22:00:00-04:00,No,EVENNOT  PUESTO 4  5PM-9PM,20,Otro,NONE,#cabdbf,Si,,,,,,,,,,
053c9jpbca4o0omiqstbaddjfe,FRENTE HIJET ORDEN 2074,2026-07-21T22:00:00-04:00,2026-07-21T23:00:00-04:00,No,EVENNOT  PUESTO 4  5PM-9PM,20,Otro,NONE,#cabdbf,Si,,,,,,,,,,
01n63vvdab35hhglited6nvj4b,REPARAR LA ORDEN 0931 FRENTE TOWN ACE ,2026-07-22T14:00:00-04:00,2026-07-22T15:00:00-04:00,No,EVENNOT  PUESTO 4  5PM-9PM,20,Otro,NONE,#cabdbf,Si,,,,,,,,,,
4j0nv0k69b8jnds4u04m6l0p8f,REPARAR FRENTE 0949 - 0908 ,2026-07-22T15:00:00-04:00,2026-07-22T16:00:00-04:00,No,EVENNOT  PUESTO 4  5PM-9PM,20,Otro,NONE,#cabdbf,Si,,,,,,,,,,
6k4pj3hbk7la0iof8jdh8mtq9g,FRENTE NV200 JAPONESA 2020 ORDEN 0961 DIA 30,2026-07-22T17:00:00-04:00,2026-07-22T18:00:00-04:00,No,EVENNOT  PUESTO 4  5PM-9PM,20,Otro,NONE,#cabdbf,Si,,,,,,,,,,
31e6dnamdb58itd28lrvuss712,REPARAR FRENTE KIA ESTA EN GRIS EN SU MESA ORDEN 0936,2026-07-23T06:15:00-04:00,2026-07-23T07:15:00-04:00,No,EVENNOT  PUESTO 4  5PM-9PM,20,Otro,NONE,#cabdbf,Si,,,,,,,,,,
3r0c6gthdc12tr9dmq0g8qv6ik,FRENTE REP. GRADO B HIJET ORDEN 0180 DIA 31,2026-07-23T08:45:00-04:00,2026-07-23T09:45:00-04:00,No,EVENNOT  PUESTO 4  5PM-9PM,20,Otro,NONE,#cabdbf,Si,,,,,,,,,,
489q0op8l2c1muq07fvnn17iug,FRENTE N400 ORDEN 0960 DIA 29,2026-07-23T10:00:00-04:00,2026-07-23T11:00:00-04:00,No,EVENNOT  PUESTO 4  5PM-9PM,20,Otro,NONE,#cabdbf,Si,,,,,,,,,,
5j8fmgttu16bnmn15p5j7evubc,FRENTE HIACE TECHO BAJITO 2014 ORDEN 0957 DIA 11,2026-07-23T11:30:00-04:00,2026-07-23T12:30:00-04:00,No,EVENNOT  PUESTO 4  5PM-9PM,20,Otro,NONE,#cabdbf,Si,,,,,,,,,,
5v68lpcr2se4fmduc2o7mqp0le,FRENTE HIJET ORDEN 2080,2026-07-27T13:00:00-04:00,2026-07-27T14:00:00-04:00,No,EVENNOT  PUESTO 4  5PM-9PM,20,Otro,NONE,#cabdbf,Si,,,,,,,,,,
3rsef9ld6so54mcp97kcioehqn,FRENTE HIJET ORDEN 2081,2026-07-27T14:00:00-04:00,2026-07-27T15:00:00-04:00,No,EVENNOT  PUESTO 4  5PM-9PM,20,Otro,NONE,#cabdbf,Si,,,,,,,,,,
3ivj58bksud0bse29jgmrvbec4,FRENTE HIJET ORDEN 2079,2026-07-27T15:00:00-04:00,2026-07-27T16:00:00-04:00,No,EVENNOT  PUESTO 4  5PM-9PM,20,Otro,NONE,#cabdbf,Si,,,,,,,,,,
57hetg9n7nl61j7i1umgdcs00a,FRENTE TOWN ACE 2019 ORDEN 0976 DIA 4,2026-07-27T17:00:00-04:00,2026-07-27T18:00:00-04:00,No,EVENNOT  PUESTO 4  5PM-9PM,20,Otro,NONE,#cabdbf,Si,,,,,,,,,,
34qusk8eeq1r180bpnkhlt49j2,FRENTE HIJET ORDEN 2088,2026-07-27T18:00:00-04:00,2026-07-27T19:00:00-04:00,No,EVENNOT  PUESTO 4  5PM-9PM,20,Otro,NONE,#cabdbf,Si,,,,,,,,,,
5ial180fhao9kqk6emr03k3tsr,FRENTE  TOWN ACE 2013 ORDEN 0980 DIA 5,2026-07-28T07:30:00-04:00,2026-07-28T08:30:00-04:00,No,EVENNOT  PUESTO 4  5PM-9PM,20,Otro,NONE,#cabdbf,Si,,,,,,,,,,
1a73s4t8kj9v1phq31lpcv8ij2,REPARA FRENTE 0943,2026-07-29T09:00:00-04:00,2026-07-29T10:00:00-04:00,No,EVENNOT  PUESTO 4  5PM-9PM,20,Otro,NONE,#cabdbf,Si,,,,,,,,,,
73jmtn0m4ampbdmnt16c7hlqeu,FRENTE HIACE TECHO BAJITO 2020 ORDEN 0978 DIA 4,2026-07-29T10:00:00-04:00,2026-07-29T11:00:00-04:00,No,EVENNOT  PUESTO 4  5PM-9PM,20,Otro,NONE,#cabdbf,Si,,,,,,,,,,
3rued4a3cr8gvbfbr41tosp3id,FRENTE+PORTA PIES ISUZU CAMA LARGA CARA ANCHA 2026 ORDEN 0971 DIA 3,2026-07-30T05:00:00-04:00,2026-07-30T06:00:00-04:00,No,EVENNOT  PUESTO 4  5PM-9PM,20,Otro,NONE,#cabdbf,Si,,,,,,,,,,
7d7h9r6od2du3cgh2lm9bkng49,FRENTE TOWN ACE 2019 ORDEN 0985 DIA 7,2026-07-30T07:00:00-04:00,2026-07-30T08:00:00-04:00,No,EVENNOT  PUESTO 4  5PM-9PM,20,Otro,NONE,#cabdbf,Si,,,,,,,,,,
0tp2te0l8or0jcknk2p6vpm18j,FRENTE+PORTA PIES JAC DE 81 CAMA LARGA ORDEN 0982 DIA 8,2026-07-31T09:30:00-04:00,2026-07-31T10:30:00-04:00,No,EVENNOT  PUESTO 4  5PM-9PM,20,Otro,NONE,#cabdbf,Si,,,,,,,,,,
585g1ro7jepvrbm8fpe2vsegmh,FRENTE+PORTA PIES K2700 1 CAB. ORDEN 3040,2026-08-01T11:00:00-04:00,2026-08-01T12:00:00-04:00,No,EVENNOT  PUESTO 4  5PM-9PM,20,Otro,NONE,#cabdbf,Si,,,,,,,,,,
26gdlk56v9pbljmoijbqd7t5t1,FRENTE+PORTA PIES K2700 1 CAB. ORDEN 3041,2026-08-01T12:00:00-04:00,2026-08-01T13:00:00-04:00,No,EVENNOT  PUESTO 4  5PM-9PM,20,Otro,NONE,#cabdbf,Si,,,,,,,,,,
2s9jh853hjgjjjf8bjb7p3e8ci,FRENTE+PORTA PIES K2700 1 CAB. ORDEN 3042,2026-08-01T13:00:00-04:00,2026-08-01T14:00:00-04:00,No,EVENNOT  PUESTO 4  5PM-9PM,20,Otro,NONE,#cabdbf,Si,,,,,,,,,,
2069osngslbap6pmh3bdkocld7,FRENTE+PORTA PIES K2700 1 CAB. ORDEN 3043,2026-08-01T14:00:00-04:00,2026-08-01T15:00:00-04:00,No,EVENNOT  PUESTO 4  5PM-9PM,20,Otro,NONE,#cabdbf,Si,,,,,,,,,,
205s4kujiu9q7384mksavkfmal,FRENTE+PORTA PIES K2700 1 CAB. ORDEN 3044,2026-08-01T15:00:00-04:00,2026-08-01T16:00:00-04:00,No,EVENNOT  PUESTO 4  5PM-9PM,20,Otro,NONE,#cabdbf,Si,,,,,,,,,,
